CODIGO;DESCRIPCION;BARRAS;FAMILIA;PRECIO;COSTO;STOCK
20001;Producto de prueba 0001;7790000000007;Almacen;501,37;300,90;3
20002;Producto de prueba 0002;7790000000014;Lácteos;502,74;301,80;6
20003;Producto de prueba 0003;7790000000021;Limpieza;504,11;302,70;9
20004;Producto de prueba 0004;7790000000028;Perfumería;505,48;303,60;12
20005;Producto de prueba 0005;7790000000035;Golosinas;506,85;;15
20006;Producto de prueba 0006;7790000000042;Snacks;508,22;305,40;18
20007;Producto de prueba 0007;7790000000049;Congelados;509,59;306,30;21
20008;Producto de prueba 0008;7790000000056;Infusiones;510,96;307,20;24
20009;Producto de prueba 0009;7790000000063;Aceites;512,33;308,10;27
20010;Producto de prueba 0010;7790000000070;Conservas;513,70;;30
20011;Producto de prueba 0011;7790000000077;Galletitas;515,07;309,90;33
20012;Producto de prueba 0012;7790000000084;Bebidas;516,44;310,80;36
20013;Producto de prueba 0013;7790000000091;Almacen;517,81;311,70;39
20014;Producto de prueba 0014;7790000000098;Lácteos;519,18;312,60;42
20015;Producto de prueba 0015;7790000000105;Limpieza;520,55;;45
20016;Producto de prueba 0016;7790000000112;Perfumería;521,92;314,40;48
20017;Producto de prueba 0017;7790000000119;Golosinas;523,29;315,30;51
20018;Producto de prueba 0018;7790000000126;Snacks;524,66;316,20;54
20019;Producto de prueba 0019;7790000000133;Congelados;526,03;317,10;57
20020;Producto de prueba 0020;7790000000140;Infusiones;527,40;;0
20021;Producto de prueba 0021;7790000000147;Aceites;528,77;318,90;3
20022;Producto de prueba 0022;7790000000154;Conservas;530,14;319,80;6
20023;Producto de prueba 0023;7790000000161;Galletitas;531,51;320,70;9
20024;Producto de prueba 0024;7790000000168;Bebidas;532,88;321,60;12
20025;Producto de prueba 0025;7790000000175;Almacen;534,25;;15
20026;Producto de prueba 0026;7790000000182;Lácteos;535,62;323,40;18
20027;Producto de prueba 0027;7790000000189;Limpieza;536,99;324,30;21
20028;Producto de prueba 0028;7790000000196;Perfumería;538,36;325,20;24
20029;Producto de prueba 0029;7790000000203;Golosinas;539,73;326,10;27
20030;Producto de prueba 0030;7790000000210;Snacks;541,10;;30
20031;Producto de prueba 0031;7790000000217;Congelados;542,47;327,90;33
20032;Producto de prueba 0032;7790000000224;Infusiones;543,84;328,80;36
20033;Producto de prueba 0033;7790000000231;Aceites;545,21;329,70;39
20034;Producto de prueba 0034;7790000000238;Conservas;546,58;330,60;42
20035;Producto de prueba 0035;7790000000245;Galletitas;547,95;;45
20036;Producto de prueba 0036;7790000000252;Bebidas;549,32;332,40;48
20037;Producto de prueba 0037;7790000000259;Almacen;550,69;333,30;51
20038;Producto de prueba 0038;7790000000266;Lácteos;552,06;334,20;54
20039;Producto de prueba 0039;7790000000273;Limpieza;553,43;335,10;57
20040;Producto de prueba 0040;7790000000280;Perfumería;554,80;;0
20041;Producto de prueba 0041;7790000000287;Golosinas;556,17;336,90;3
20042;Producto de prueba 0042;7790000000294;Snacks;557,54;337,80;6
20043;Producto de prueba 0043;7790000000301;Congelados;558,91;338,70;9
20044;Producto de prueba 0044;7790000000308;Infusiones;560,28;339,60;12
20045;Producto de prueba 0045;7790000000315;Aceites;561,65;;15
20046;Producto de prueba 0046;7790000000322;Conservas;563,02;341,40;18
20047;Producto de prueba 0047;7790000000329;Galletitas;564,39;342,30;21
20048;Producto de prueba 0048;7790000000336;Bebidas;565,76;343,20;24
20049;Producto de prueba 0049;7790000000343;Almacen;567,13;344,10;27
20050;Producto de prueba 0050;7790000000350;Lácteos;568,50;;30
20051;Producto de prueba 0051;7790000000357;Limpieza;569,87;345,90;33
20052;Producto de prueba 0052;7790000000364;Perfumería;571,24;346,80;36
20053;Producto de prueba 0053;7790000000371;Golosinas;572,61;347,70;39
20054;Producto de prueba 0054;7790000000378;Snacks;573,98;348,60;42
20055;Producto de prueba 0055;7790000000385;Congelados;575,35;;45
20056;Producto de prueba 0056;7790000000392;Infusiones;576,72;350,40;48
20057;Producto de prueba 0057;7790000000399;Aceites;578,09;351,30;51
20058;Producto de prueba 0058;7790000000406;Conservas;579,46;352,20;54
20059;Producto de prueba 0059;7790000000413;Galletitas;580,83;353,10;57
20060;Producto de prueba 0060;7790000000420;Bebidas;582,20;;0
20061;Producto de prueba 0061;7790000000427;Almacen;583,57;354,90;3
20062;Producto de prueba 0062;7790000000434;Lácteos;584,94;355,80;6
20063;Producto de prueba 0063;7790000000441;Limpieza;586,31;356,70;9
20064;Producto de prueba 0064;7790000000448;Perfumería;587,68;357,60;12
20065;Producto de prueba 0065;7790000000455;Golosinas;589,05;;15
20066;Producto de prueba 0066;7790000000462;Snacks;590,42;359,40;18
20067;Producto de prueba 0067;7790000000469;Congelados;591,79;360,30;21
20068;Producto de prueba 0068;7790000000476;Infusiones;593,16;361,20;24
20069;Producto de prueba 0069;7790000000483;Aceites;594,53;362,10;27
20070;Producto de prueba 0070;7790000000490;Conservas;595,90;;30
20071;Producto de prueba 0071;7790000000497;Galletitas;597,27;363,90;33
20072;Producto de prueba 0072;7790000000504;Bebidas;598,64;364,80;36
20073;Producto de prueba 0073;7790000000511;Almacen;600,01;365,70;39
20074;Producto de prueba 0074;7790000000518;Lácteos;601,38;366,60;42
20075;Producto de prueba 0075;7790000000525;Limpieza;602,75;;45
20076;Producto de prueba 0076;7790000000532;Perfumería;604,12;368,40;48
20077;Producto de prueba 0077;7790000000539;Golosinas;605,49;369,30;51
20078;Producto de prueba 0078;7790000000546;Snacks;606,86;370,20;54
20079;Producto de prueba 0079;7790000000553;Congelados;608,23;371,10;57
20080;Producto de prueba 0080;7790000000560;Infusiones;609,60;;0
20081;Producto de prueba 0081;7790000000567;Aceites;610,97;372,90;3
20082;Producto de prueba 0082;7790000000574;Conservas;612,34;373,80;6
20083;Producto de prueba 0083;7790000000581;Galletitas;613,71;374,70;9
20084;Producto de prueba 0084;7790000000588;Bebidas;615,08;375,60;12
20085;Producto de prueba 0085;7790000000595;Almacen;616,45;;15
20086;Producto de prueba 0086;7790000000602;Lácteos;617,82;377,40;18
20087;Producto de prueba 0087;7790000000609;Limpieza;619,19;378,30;21
20088;Producto de prueba 0088;7790000000616;Perfumería;620,56;379,20;24
20089;Producto de prueba 0089;7790000000623;Golosinas;621,93;380,10;27
20090;Producto de prueba 0090;7790000000630;Snacks;623,30;;30
20091;Producto de prueba 0091;7790000000637;Congelados;624,67;381,90;33
20092;Producto de prueba 0092;7790000000644;Infusiones;626,04;382,80;36
20093;Producto de prueba 0093;7790000000651;Aceites;627,41;383,70;39
20094;Producto de prueba 0094;7790000000658;Conservas;628,78;384,60;42
20095;Producto de prueba 0095;7790000000665;Galletitas;630,15;;45
20096;Producto de prueba 0096;7790000000672;Bebidas;631,52;386,40;48
20097;Producto de prueba 0097;7790000000679;Almacen;632,89;387,30;51
20098;Producto de prueba 0098;7790000000686;Lácteos;634,26;388,20;54
20099;Producto de prueba 0099;7790000000693;Limpieza;635,63;389,10;57
20100;Producto de prueba 0100;7790000000700;Perfumería;637,00;;0
20101;Producto de prueba 0101;7790000000707;Golosinas;638,37;390,90;3
20102;Producto de prueba 0102;7790000000714;Snacks;639,74;391,80;6
20103;Producto de prueba 0103;7790000000721;Congelados;641,11;392,70;9
20104;Producto de prueba 0104;7790000000728;Infusiones;642,48;393,60;12
20105;Producto de prueba 0105;7790000000735;Aceites;643,85;;15
20106;Producto de prueba 0106;7790000000742;Conservas;645,22;395,40;18
20107;Producto de prueba 0107;7790000000749;Galletitas;646,59;396,30;21
20108;Producto de prueba 0108;7790000000756;Bebidas;647,96;397,20;24
20109;Producto de prueba 0109;7790000000763;Almacen;649,33;398,10;27
20110;Producto de prueba 0110;7790000000770;Lácteos;650,70;;30
20111;Producto de prueba 0111;7790000000777;Limpieza;652,07;399,90;33
20112;Producto de prueba 0112;7790000000784;Perfumería;653,44;400,80;36
20113;Producto de prueba 0113;7790000000791;Golosinas;654,81;401,70;39
20114;Producto de prueba 0114;7790000000798;Snacks;656,18;402,60;42
20115;Producto de prueba 0115;7790000000805;Congelados;657,55;;45
20116;Producto de prueba 0116;7790000000812;Infusiones;658,92;404,40;48
20117;Producto de prueba 0117;7790000000819;Aceites;660,29;405,30;51
20118;Producto de prueba 0118;7790000000826;Conservas;661,66;406,20;54
20119;Producto de prueba 0119;7790000000833;Galletitas;663,03;407,10;57
20120;Producto de prueba 0120;7790000000840;Bebidas;664,40;;0
20121;Producto de prueba 0121;7790000000847;Almacen;665,77;408,90;3
20122;Producto de prueba 0122;7790000000854;Lácteos;667,14;409,80;6
20123;Producto de prueba 0123;7790000000861;Limpieza;668,51;410,70;9
20124;Producto de prueba 0124;7790000000868;Perfumería;669,88;411,60;12
20125;Producto de prueba 0125;7790000000875;Golosinas;671,25;;15
20126;Producto de prueba 0126;7790000000882;Snacks;672,62;413,40;18
20127;Producto de prueba 0127;7790000000889;Congelados;673,99;414,30;21
20128;Producto de prueba 0128;7790000000896;Infusiones;675,36;415,20;24
20129;Producto de prueba 0129;7790000000903;Aceites;676,73;416,10;27
20130;Producto de prueba 0130;7790000000910;Conservas;678,10;;30
20131;Producto de prueba 0131;7790000000917;Galletitas;679,47;417,90;33
20132;Producto de prueba 0132;7790000000924;Bebidas;680,84;418,80;36
20133;Producto de prueba 0133;7790000000931;Almacen;682,21;419,70;39
20134;Producto de prueba 0134;7790000000938;Lácteos;683,58;420,60;42
20135;Producto de prueba 0135;7790000000945;Limpieza;684,95;;45
20136;Producto de prueba 0136;7790000000952;Perfumería;686,32;422,40;48
20137;Producto de prueba 0137;7790000000959;Golosinas;687,69;423,30;51
20138;Producto de prueba 0138;7790000000966;Snacks;689,06;424,20;54
20139;Producto de prueba 0139;7790000000973;Congelados;690,43;425,10;57
20140;Producto de prueba 0140;7790000000980;Infusiones;691,80;;0
20141;Producto de prueba 0141;7790000000987;Aceites;693,17;426,90;3
20142;Producto de prueba 0142;7790000000994;Conservas;694,54;427,80;6
20143;Producto de prueba 0143;7790000001001;Galletitas;695,91;428,70;9
20144;Producto de prueba 0144;7790000001008;Bebidas;697,28;429,60;12
20145;Producto de prueba 0145;7790000001015;Almacen;698,65;;15
20146;Producto de prueba 0146;7790000001022;Lácteos;700,02;431,40;18
20147;Producto de prueba 0147;7790000001029;Limpieza;701,39;432,30;21
20148;Producto de prueba 0148;7790000001036;Perfumería;702,76;433,20;24
20149;Producto de prueba 0149;7790000001043;Golosinas;704,13;434,10;27
20150;Producto de prueba 0150;7790000001050;Snacks;705,50;;30
20151;Producto de prueba 0151;7790000001057;Congelados;706,87;435,90;33
20152;Producto de prueba 0152;7790000001064;Infusiones;708,24;436,80;36
20153;Producto de prueba 0153;7790000001071;Aceites;709,61;437,70;39
20154;Producto de prueba 0154;7790000001078;Conservas;710,98;438,60;42
20155;Producto de prueba 0155;7790000001085;Galletitas;712,35;;45
20156;Producto de prueba 0156;7790000001092;Bebidas;713,72;440,40;48
20157;Producto de prueba 0157;7790000001099;Almacen;715,09;441,30;51
20158;Producto de prueba 0158;7790000001106;Lácteos;716,46;442,20;54
20159;Producto de prueba 0159;7790000001113;Limpieza;717,83;443,10;57
20160;Producto de prueba 0160;7790000001120;Perfumería;719,20;;0
20161;Producto de prueba 0161;7790000001127;Golosinas;720,57;444,90;3
20162;Producto de prueba 0162;7790000001134;Snacks;721,94;445,80;6
20163;Producto de prueba 0163;7790000001141;Congelados;723,31;446,70;9
20164;Producto de prueba 0164;7790000001148;Infusiones;724,68;447,60;12
20165;Producto de prueba 0165;7790000001155;Aceites;726,05;;15
20166;Producto de prueba 0166;7790000001162;Conservas;727,42;449,40;18
20167;Producto de prueba 0167;7790000001169;Galletitas;728,79;450,30;21
20168;Producto de prueba 0168;7790000001176;Bebidas;730,16;451,20;24
20169;Producto de prueba 0169;7790000001183;Almacen;731,53;452,10;27
20170;Producto de prueba 0170;7790000001190;Lácteos;732,90;;30
20171;Producto de prueba 0171;7790000001197;Limpieza;734,27;453,90;33
20172;Producto de prueba 0172;7790000001204;Perfumería;735,64;454,80;36
20173;Producto de prueba 0173;7790000001211;Golosinas;737,01;455,70;39
20174;Producto de prueba 0174;7790000001218;Snacks;738,38;456,60;42
20175;Producto de prueba 0175;7790000001225;Congelados;739,75;;45
20176;Producto de prueba 0176;7790000001232;Infusiones;741,12;458,40;48
20177;Producto de prueba 0177;7790000001239;Aceites;742,49;459,30;51
20178;Producto de prueba 0178;7790000001246;Conservas;743,86;460,20;54
20179;Producto de prueba 0179;7790000001253;Galletitas;745,23;461,10;57
20180;Producto de prueba 0180;7790000001260;Bebidas;746,60;;0
20181;Producto de prueba 0181;7790000001267;Almacen;747,97;462,90;3
20182;Producto de prueba 0182;7790000001274;Lácteos;749,34;463,80;6
20183;Producto de prueba 0183;7790000001281;Limpieza;750,71;464,70;9
20184;Producto de prueba 0184;7790000001288;Perfumería;752,08;465,60;12
20185;Producto de prueba 0185;7790000001295;Golosinas;753,45;;15
20186;Producto de prueba 0186;7790000001302;Snacks;754,82;467,40;18
20187;Producto de prueba 0187;7790000001309;Congelados;756,19;468,30;21
20188;Producto de prueba 0188;7790000001316;Infusiones;757,56;469,20;24
20189;Producto de prueba 0189;7790000001323;Aceites;758,93;470,10;27
20190;Producto de prueba 0190;7790000001330;Conservas;760,30;;30
20191;Producto de prueba 0191;7790000001337;Galletitas;761,67;471,90;33
20192;Producto de prueba 0192;7790000001344;Bebidas;763,04;472,80;36
20193;Producto de prueba 0193;7790000001351;Almacen;764,41;473,70;39
20194;Producto de prueba 0194;7790000001358;Lácteos;765,78;474,60;42
20195;Producto de prueba 0195;7790000001365;Limpieza;767,15;;45
20196;Producto de prueba 0196;7790000001372;Perfumería;768,52;476,40;48
20197;Producto de prueba 0197;7790000001379;Golosinas;769,89;477,30;51
20198;Producto de prueba 0198;7790000001386;Snacks;771,26;478,20;54
20199;Producto de prueba 0199;7790000001393;Congelados;772,63;479,10;57
20200;Producto de prueba 0200;7790000001400;Infusiones;774,00;;0
20201;Producto de prueba 0201;7790000001407;Aceites;775,37;480,90;3
20202;Producto de prueba 0202;7790000001414;Conservas;776,74;481,80;6
20203;Producto de prueba 0203;7790000001421;Galletitas;778,11;482,70;9
20204;Producto de prueba 0204;7790000001428;Bebidas;779,48;483,60;12
20205;Producto de prueba 0205;7790000001435;Almacen;780,85;;15
20206;Producto de prueba 0206;7790000001442;Lácteos;782,22;485,40;18
20207;Producto de prueba 0207;7790000001449;Limpieza;783,59;486,30;21
20208;Producto de prueba 0208;7790000001456;Perfumería;784,96;487,20;24
20209;Producto de prueba 0209;7790000001463;Golosinas;786,33;488,10;27
20210;Producto de prueba 0210;7790000001470;Snacks;787,70;;30
20211;Producto de prueba 0211;7790000001477;Congelados;789,07;489,90;33
20212;Producto de prueba 0212;7790000001484;Infusiones;790,44;490,80;36
20213;Producto de prueba 0213;7790000001491;Aceites;791,81;491,70;39
20214;Producto de prueba 0214;7790000001498;Conservas;793,18;492,60;42
20215;Producto de prueba 0215;7790000001505;Galletitas;794,55;;45
20216;Producto de prueba 0216;7790000001512;Bebidas;795,92;494,40;48
20217;Producto de prueba 0217;7790000001519;Almacen;797,29;495,30;51
20218;Producto de prueba 0218;7790000001526;Lácteos;798,66;496,20;54
20219;Producto de prueba 0219;7790000001533;Limpieza;800,03;497,10;57
20220;Producto de prueba 0220;7790000001540;Perfumería;801,40;;0
20221;Producto de prueba 0221;7790000001547;Golosinas;802,77;498,90;3
20222;Producto de prueba 0222;7790000001554;Snacks;804,14;499,80;6
20223;Producto de prueba 0223;7790000001561;Congelados;805,51;500,70;9
20224;Producto de prueba 0224;7790000001568;Infusiones;806,88;501,60;12
20225;Producto de prueba 0225;7790000001575;Aceites;808,25;;15
20226;Producto de prueba 0226;7790000001582;Conservas;809,62;503,40;18
20227;Producto de prueba 0227;7790000001589;Galletitas;810,99;504,30;21
20228;Producto de prueba 0228;7790000001596;Bebidas;812,36;505,20;24
20229;Producto de prueba 0229;7790000001603;Almacen;813,73;506,10;27
20230;Producto de prueba 0230;7790000001610;Lácteos;815,10;;30
20231;Producto de prueba 0231;7790000001617;Limpieza;816,47;507,90;33
20232;Producto de prueba 0232;7790000001624;Perfumería;817,84;508,80;36
20233;Producto de prueba 0233;7790000001631;Golosinas;819,21;509,70;39
20234;Producto de prueba 0234;7790000001638;Snacks;820,58;510,60;42
20235;Producto de prueba 0235;7790000001645;Congelados;821,95;;45
20236;Producto de prueba 0236;7790000001652;Infusiones;823,32;512,40;48
20237;Producto de prueba 0237;7790000001659;Aceites;824,69;513,30;51
20238;Producto de prueba 0238;7790000001666;Conservas;826,06;514,20;54
20239;Producto de prueba 0239;7790000001673;Galletitas;827,43;515,10;57
20240;Producto de prueba 0240;7790000001680;Bebidas;828,80;;0
20241;Producto de prueba 0241;7790000001687;Almacen;830,17;516,90;3
20242;Producto de prueba 0242;7790000001694;Lácteos;831,54;517,80;6
20243;Producto de prueba 0243;7790000001701;Limpieza;832,91;518,70;9
20244;Producto de prueba 0244;7790000001708;Perfumería;834,28;519,60;12
20245;Producto de prueba 0245;7790000001715;Golosinas;835,65;;15
20246;Producto de prueba 0246;7790000001722;Snacks;837,02;521,40;18
20247;Producto de prueba 0247;7790000001729;Congelados;838,39;522,30;21
20248;Producto de prueba 0248;7790000001736;Infusiones;839,76;523,20;24
20249;Producto de prueba 0249;7790000001743;Aceites;841,13;524,10;27
20250;Producto de prueba 0250;7790000001750;Conservas;;;30
20251;Producto de prueba 0251;7790000001757;Galletitas;843,87;525,90;33
20252;Producto de prueba 0252;7790000001764;Bebidas;845,24;526,80;36
20253;Producto de prueba 0253;7790000001771;Almacen;846,61;527,70;39
20254;Producto de prueba 0254;7790000001778;Lácteos;847,98;528,60;42
20255;Producto de prueba 0255;7790000001785;Limpieza;849,35;;45
20256;Producto de prueba 0256;7790000001792;Perfumería;850,72;530,40;48
20257;Producto de prueba 0257;7790000001799;Golosinas;852,09;531,30;51
20258;Producto de prueba 0258;7790000001806;Snacks;853,46;532,20;54
20259;Producto de prueba 0259;7790000001813;Congelados;854,83;533,10;57
20260;Producto de prueba 0260;7790000001820;Infusiones;856,20;;0
20261;Producto de prueba 0261;7790000001827;Aceites;857,57;534,90;3
20262;Producto de prueba 0262;7790000001834;Conservas;858,94;535,80;6
20263;Producto de prueba 0263;7790000001841;Galletitas;860,31;536,70;9
20264;Producto de prueba 0264;7790000001848;Bebidas;861,68;537,60;12
20265;Producto de prueba 0265;7790000001855;Almacen;863,05;;15
20266;Producto de prueba 0266;7790000001862;Lácteos;864,42;539,40;18
20267;Producto de prueba 0267;7790000001869;Limpieza;865,79;540,30;21
20268;Producto de prueba 0268;7790000001876;Perfumería;867,16;541,20;24
20269;Producto de prueba 0269;7790000001883;Golosinas;868,53;542,10;27
20270;Producto de prueba 0270;7790000001890;Snacks;869,90;;30
20271;Producto de prueba 0271;7790000001897;Congelados;871,27;543,90;33
20272;Producto de prueba 0272;7790000001904;Infusiones;872,64;544,80;36
20273;Producto de prueba 0273;7790000001911;Aceites;874,01;545,70;39
20274;Producto de prueba 0274;7790000001918;Conservas;875,38;546,60;42
20275;Producto de prueba 0275;7790000001925;Galletitas;876,75;;45
20276;Producto de prueba 0276;7790000001932;Bebidas;878,12;548,40;48
20277;Producto de prueba 0277;7790000001939;Almacen;879,49;549,30;51
20278;Producto de prueba 0278;7790000001946;Lácteos;880,86;550,20;54
20279;Producto de prueba 0279;7790000001953;Limpieza;882,23;551,10;57
20280;Producto de prueba 0280;7790000001960;Perfumería;883,60;;0
20281;Producto de prueba 0281;7790000001967;Golosinas;884,97;552,90;3
20282;Producto de prueba 0282;7790000001974;Snacks;886,34;553,80;6
20283;Producto de prueba 0283;7790000001981;Congelados;887,71;554,70;9
20284;Producto de prueba 0284;7790000001988;Infusiones;889,08;555,60;12
20285;Producto de prueba 0285;7790000001995;Aceites;890,45;;15
20286;Producto de prueba 0286;7790000002002;Conservas;891,82;557,40;18
20287;Producto de prueba 0287;7790000002009;Galletitas;893,19;558,30;21
20288;Producto de prueba 0288;7790000002016;Bebidas;894,56;559,20;24
20289;Producto de prueba 0289;7790000002023;Almacen;895,93;560,10;27
20290;Producto de prueba 0290;7790000002030;Lácteos;897,30;;30
20291;Producto de prueba 0291;7790000002037;Limpieza;898,67;561,90;33
20292;Producto de prueba 0292;7790000002044;Perfumería;900,04;562,80;36
20293;Producto de prueba 0293;7790000002051;Golosinas;901,41;563,70;39
20294;Producto de prueba 0294;7790000002058;Snacks;902,78;564,60;42
20295;Producto de prueba 0295;7790000002065;Congelados;904,15;;45
20296;Producto de prueba 0296;7790000002072;Infusiones;905,52;566,40;48
20297;Producto de prueba 0297;7790000002079;Aceites;906,89;567,30;51
20298;Producto de prueba 0298;7790000002086;Conservas;908,26;568,20;54
20299;Producto de prueba 0299;7790000002093;Galletitas;909,63;569,10;57
20300;Producto de prueba 0300;7790000002100;Bebidas;911,00;;0
20301;Producto de prueba 0301;7790000002107;Almacen;912,37;570,90;3
20302;Producto de prueba 0302;7790000002114;Lácteos;913,74;571,80;6
20303;Producto de prueba 0303;7790000002121;Limpieza;915,11;572,70;9
20304;Producto de prueba 0304;7790000002128;Perfumería;916,48;573,60;12
20305;Producto de prueba 0305;7790000002135;Golosinas;917,85;;15
20306;Producto de prueba 0306;7790000002142;Snacks;919,22;575,40;18
20307;Producto de prueba 0307;7790000002149;Congelados;920,59;576,30;21
20308;Producto de prueba 0308;7790000002156;Infusiones;921,96;577,20;24
20309;Producto de prueba 0309;7790000002163;Aceites;923,33;578,10;27
20310;Producto de prueba 0310;7790000002170;Conservas;924,70;;30
20311;Producto de prueba 0311;7790000002177;Galletitas;926,07;579,90;33
20312;Producto de prueba 0312;7790000002184;Bebidas;927,44;580,80;36
20313;Producto de prueba 0313;7790000002191;Almacen;928,81;581,70;39
20314;Producto de prueba 0314;7790000002198;Lácteos;930,18;582,60;42
20315;Producto de prueba 0315;7790000002205;Limpieza;931,55;;45
20316;Producto de prueba 0316;7790000002212;Perfumería;932,92;584,40;48
20317;Producto de prueba 0317;7790000002219;Golosinas;934,29;585,30;51
20318;Producto de prueba 0318;7790000002226;Snacks;935,66;586,20;54
20319;Producto de prueba 0319;7790000002233;Congelados;937,03;587,10;57
20320;Producto de prueba 0320;7790000002240;Infusiones;938,40;;0
20321;Producto de prueba 0321;7790000002247;Aceites;939,77;588,90;3
20322;Producto de prueba 0322;7790000002254;Conservas;941,14;589,80;6
20323;Producto de prueba 0323;7790000002261;Galletitas;942,51;590,70;9
20324;Producto de prueba 0324;7790000002268;Bebidas;943,88;591,60;12
20325;Producto de prueba 0325;7790000002275;Almacen;945,25;;15
20326;Producto de prueba 0326;7790000002282;Lácteos;946,62;593,40;18
20327;Producto de prueba 0327;7790000002289;Limpieza;947,99;594,30;21
20328;Producto de prueba 0328;7790000002296;Perfumería;949,36;595,20;24
20329;Producto de prueba 0329;7790000002303;Golosinas;950,73;596,10;27
20330;Producto de prueba 0330;7790000002310;Snacks;952,10;;30
20331;Producto de prueba 0331;7790000002317;Congelados;953,47;597,90;33
20332;Producto de prueba 0332;7790000002324;Infusiones;954,84;598,80;36
20333;Producto de prueba 0333;7790000002331;Aceites;956,21;599,70;39
20334;Producto de prueba 0334;7790000002338;Conservas;957,58;600,60;42
20335;Producto de prueba 0335;7790000002345;Galletitas;958,95;;45
20336;Producto de prueba 0336;7790000002352;Bebidas;960,32;602,40;48
20337;Producto de prueba 0337;7790000002359;Almacen;961,69;603,30;51
20338;Producto de prueba 0338;7790000002366;Lácteos;963,06;604,20;54
20339;Producto de prueba 0339;7790000002373;Limpieza;964,43;605,10;57
20340;Producto de prueba 0340;7790000002380;Perfumería;965,80;;0
20341;Producto de prueba 0341;7790000002387;Golosinas;967,17;606,90;3
20342;Producto de prueba 0342;7790000002394;Snacks;968,54;607,80;6
20343;Producto de prueba 0343;7790000002401;Congelados;969,91;608,70;9
20344;Producto de prueba 0344;7790000002408;Infusiones;971,28;609,60;12
20345;Producto de prueba 0345;7790000002415;Aceites;972,65;;15
20346;Producto de prueba 0346;7790000002422;Conservas;974,02;611,40;18
20347;Producto de prueba 0347;7790000002429;Galletitas;975,39;612,30;21
20348;Producto de prueba 0348;7790000002436;Bebidas;976,76;613,20;24
20349;Producto de prueba 0349;7790000002443;Almacen;978,13;614,10;27
20350;Producto de prueba 0350;7790000002450;Lácteos;979,50;;30
20351;Producto de prueba 0351;7790000002457;Limpieza;980,87;615,90;33
20352;Producto de prueba 0352;7790000002464;Perfumería;982,24;616,80;36
20353;Producto de prueba 0353;7790000002471;Golosinas;983,61;617,70;39
20354;Producto de prueba 0354;7790000002478;Snacks;984,98;618,60;42
20355;Producto de prueba 0355;7790000002485;Congelados;986,35;;45
20356;Producto de prueba 0356;7790000002492;Infusiones;987,72;620,40;48
20357;Producto de prueba 0357;7790000002499;Aceites;989,09;621,30;51
20358;Producto de prueba 0358;7790000002506;Conservas;990,46;622,20;54
20359;Producto de prueba 0359;7790000002513;Galletitas;991,83;623,10;57
20360;Producto de prueba 0360;7790000002520;Bebidas;993,20;;0
20361;Producto de prueba 0361;7790000002527;Almacen;994,57;624,90;3
20362;Producto de prueba 0362;7790000002534;Lácteos;995,94;625,80;6
20363;Producto de prueba 0363;7790000002541;Limpieza;997,31;626,70;9
20364;Producto de prueba 0364;7790000002548;Perfumería;998,68;627,60;12
20365;Producto de prueba 0365;7790000002555;Golosinas;1.000,05;;15
20366;Producto de prueba 0366;7790000002562;Snacks;1.001,42;629,40;18
20367;Producto de prueba 0367;7790000002569;Congelados;1.002,79;630,30;21
20368;Producto de prueba 0368;7790000002576;Infusiones;1.004,16;631,20;24
20369;Producto de prueba 0369;7790000002583;Aceites;1.005,53;632,10;27
20370;Producto de prueba 0370;7790000002590;Conservas;1.006,90;;30
20371;Producto de prueba 0371;7790000002597;Galletitas;1.008,27;633,90;33
20372;Producto de prueba 0372;7790000002604;Bebidas;1.009,64;634,80;36
20373;Producto de prueba 0373;7790000002611;Almacen;1.011,01;635,70;39
20374;Producto de prueba 0374;7790000002618;Lácteos;1.012,38;636,60;42
20375;Producto de prueba 0375;7790000002625;Limpieza;1.013,75;;45
20376;Producto de prueba 0376;7790000002632;Perfumería;1.015,12;638,40;48
20377;Producto de prueba 0377;7790000002639;Golosinas;1.016,49;639,30;51
20378;Producto de prueba 0378;7790000002646;Snacks;1.017,86;640,20;54
20379;Producto de prueba 0379;7790000002653;Congelados;1.019,23;641,10;57
20380;Producto de prueba 0380;7790000002660;Infusiones;1.020,60;;0
20381;Producto de prueba 0381;7790000002667;Aceites;1.021,97;642,90;3
20382;Producto de prueba 0382;7790000002674;Conservas;1.023,34;643,80;6
20383;Producto de prueba 0383;7790000002681;Galletitas;1.024,71;644,70;9
20384;Producto de prueba 0384;7790000002688;Bebidas;1.026,08;645,60;12
20385;Producto de prueba 0385;7790000002695;Almacen;1.027,45;;15
20386;Producto de prueba 0386;7790000002702;Lácteos;1.028,82;647,40;18
20387;Producto de prueba 0387;7790000002709;Limpieza;1.030,19;648,30;21
20388;Producto de prueba 0388;7790000002716;Perfumería;1.031,56;649,20;24
20389;Producto de prueba 0389;7790000002723;Golosinas;1.032,93;650,10;27
20390;Producto de prueba 0390;7790000002730;Snacks;1.034,30;;30
20391;Producto de prueba 0391;7790000002737;Congelados;1.035,67;651,90;33
20392;Producto de prueba 0392;7790000002744;Infusiones;1.037,04;652,80;36
20393;Producto de prueba 0393;7790000002751;Aceites;1.038,41;653,70;39
20394;Producto de prueba 0394;7790000002758;Conservas;1.039,78;654,60;42
20395;Producto de prueba 0395;7790000002765;Galletitas;1.041,15;;45
20396;Producto de prueba 0396;7790000002772;Bebidas;1.042,52;656,40;48
20397;Producto de prueba 0397;7790000002779;Almacen;1.043,89;657,30;51
20398;Producto de prueba 0398;7790000002786;Lácteos;1.045,26;658,20;54
20399;Producto de prueba 0399;7790000002793;Limpieza;1.046,63;659,10;57
20400;Producto de prueba 0400;7790000002800;Perfumería;1.048,00;;0
20401;Producto de prueba 0401;7790000002807;Golosinas;1.049,37;660,90;3
20402;Producto de prueba 0402;7790000002814;Snacks;1.050,74;661,80;6
20403;Producto de prueba 0403;7790000002821;Congelados;1.052,11;662,70;9
20404;Producto de prueba 0404;7790000002828;Infusiones;1.053,48;663,60;12
20405;Producto de prueba 0405;7790000002835;Aceites;1.054,85;;15
20406;Producto de prueba 0406;7790000002842;Conservas;1.056,22;665,40;18
20407;Producto de prueba 0407;7790000002849;Galletitas;1.057,59;666,30;21
20408;Producto de prueba 0408;7790000002856;Bebidas;1.058,96;667,20;24
20409;Producto de prueba 0409;7790000002863;Almacen;1.060,33;668,10;27
20410;Producto de prueba 0410;7790000002870;Lácteos;1.061,70;;30
20411;Producto de prueba 0411;7790000002877;Limpieza;1.063,07;669,90;33
20412;Producto de prueba 0412;7790000002884;Perfumería;1.064,44;670,80;36
20413;Producto de prueba 0413;7790000002891;Golosinas;1.065,81;671,70;39
20414;Producto de prueba 0414;7790000002898;Snacks;1.067,18;672,60;42
20415;Producto de prueba 0415;7790000002905;Congelados;1.068,55;;45
20416;Producto de prueba 0416;7790000002912;Infusiones;1.069,92;674,40;48
20417;Producto de prueba 0417;7790000002919;Aceites;1.071,29;675,30;51
20418;Producto de prueba 0418;7790000002926;Conservas;1.072,66;676,20;54
20419;Producto de prueba 0419;7790000002933;Galletitas;1.074,03;677,10;57
20420;Producto de prueba 0420;7790000002940;Bebidas;1.075,40;;0
20421;Producto de prueba 0421;7790000002947;Almacen;1.076,77;678,90;3
20422;Producto de prueba 0422;7790000002954;Lácteos;1.078,14;679,80;6
20423;Producto de prueba 0423;7790000002961;Limpieza;1.079,51;680,70;9
20424;Producto de prueba 0424;7790000002968;Perfumería;1.080,88;681,60;12
20425;Producto de prueba 0425;7790000002975;Golosinas;1.082,25;;15
20426;Producto de prueba 0426;7790000002982;Snacks;1.083,62;683,40;18
20427;Producto de prueba 0427;7790000002989;Congelados;1.084,99;684,30;21
20428;Producto de prueba 0428;7790000002996;Infusiones;1.086,36;685,20;24
20429;Producto de prueba 0429;7790000003003;Aceites;1.087,73;686,10;27
20430;Producto de prueba 0430;7790000003010;Conservas;1.089,10;;30
20431;Producto de prueba 0431;7790000003017;Galletitas;1.090,47;687,90;33
20432;Producto de prueba 0432;7790000003024;Bebidas;1.091,84;688,80;36
20433;Producto de prueba 0433;7790000003031;Almacen;1.093,21;689,70;39
20434;Producto de prueba 0434;7790000003038;Lácteos;1.094,58;690,60;42
20435;Producto de prueba 0435;7790000003045;Limpieza;1.095,95;;45
20436;Producto de prueba 0436;7790000003052;Perfumería;1.097,32;692,40;48
20437;Producto de prueba 0437;7790000003059;Golosinas;1.098,69;693,30;51
20438;Producto de prueba 0438;7790000003066;Snacks;1.100,06;694,20;54
20439;Producto de prueba 0439;7790000003073;Congelados;1.101,43;695,10;57
20440;Producto de prueba 0440;7790000003080;Infusiones;1.102,80;;0
20441;Producto de prueba 0441;7790000003087;Aceites;1.104,17;696,90;3
20442;Producto de prueba 0442;7790000003094;Conservas;1.105,54;697,80;6
20443;Producto de prueba 0443;7790000003101;Galletitas;1.106,91;698,70;9
20444;Producto de prueba 0444;7790000003108;Bebidas;1.108,28;699,60;12
20445;Producto de prueba 0445;7790000003115;Almacen;1.109,65;;15
20446;Producto de prueba 0446;7790000003122;Lácteos;1.111,02;701,40;18
20447;Producto de prueba 0447;7790000003129;Limpieza;1.112,39;702,30;21
20448;Producto de prueba 0448;7790000003136;Perfumería;1.113,76;703,20;24
20449;Producto de prueba 0449;7790000003143;Golosinas;1.115,13;704,10;27
20450;Producto de prueba 0450;7790000003150;Snacks;1.116,50;;30
20451;Producto de prueba 0451;7790000003157;Congelados;1.117,87;705,90;33
20452;Producto de prueba 0452;7790000003164;Infusiones;1.119,24;706,80;36
20453;Producto de prueba 0453;7790000003171;Aceites;1.120,61;707,70;39
20454;Producto de prueba 0454;7790000003178;Conservas;1.121,98;708,60;42
20455;Producto de prueba 0455;7790000003185;Galletitas;1.123,35;;45
20456;Producto de prueba 0456;7790000003192;Bebidas;1.124,72;710,40;48
20457;Producto de prueba 0457;7790000003199;Almacen;1.126,09;711,30;51
20458;Producto de prueba 0458;7790000003206;Lácteos;1.127,46;712,20;54
20459;Producto de prueba 0459;7790000003213;Limpieza;1.128,83;713,10;57
20460;Producto de prueba 0460;7790000003220;Perfumería;1.130,20;;0
20461;Producto de prueba 0461;7790000003227;Golosinas;1.131,57;714,90;3
20462;Producto de prueba 0462;7790000003234;Snacks;1.132,94;715,80;6
20463;Producto de prueba 0463;7790000003241;Congelados;1.134,31;716,70;9
20464;Producto de prueba 0464;7790000003248;Infusiones;1.135,68;717,60;12
20465;Producto de prueba 0465;7790000003255;Aceites;1.137,05;;15
20466;Producto de prueba 0466;7790000003262;Conservas;1.138,42;719,40;18
20467;Producto de prueba 0467;7790000003269;Galletitas;1.139,79;720,30;21
20468;Producto de prueba 0468;7790000003276;Bebidas;1.141,16;721,20;24
20469;Producto de prueba 0469;7790000003283;Almacen;1.142,53;722,10;27
20470;Producto de prueba 0470;7790000003290;Lácteos;1.143,90;;30
20471;Producto de prueba 0471;7790000003297;Limpieza;1.145,27;723,90;33
20472;Producto de prueba 0472;7790000003304;Perfumería;1.146,64;724,80;36
20473;Producto de prueba 0473;7790000003311;Golosinas;1.148,01;725,70;39
20474;Producto de prueba 0474;7790000003318;Snacks;1.149,38;726,60;42
20475;Producto de prueba 0475;7790000003325;Congelados;1.150,75;;45
20476;Producto de prueba 0476;7790000003332;Infusiones;1.152,12;728,40;48
20477;Producto de prueba 0477;7790000003339;Aceites;1.153,49;729,30;51
20478;Producto de prueba 0478;7790000003346;Conservas;1.154,86;730,20;54
20479;Producto de prueba 0479;7790000003353;Galletitas;1.156,23;731,10;57
20480;Producto de prueba 0480;7790000003360;Bebidas;1.157,60;;0
20481;Producto de prueba 0481;7790000003367;Almacen;1.158,97;732,90;3
20482;Producto de prueba 0482;7790000003374;Lácteos;1.160,34;733,80;6
20483;Producto de prueba 0483;7790000003381;Limpieza;1.161,71;734,70;9
20484;Producto de prueba 0484;7790000003388;Perfumería;1.163,08;735,60;12
20485;Producto de prueba 0485;7790000003395;Golosinas;1.164,45;;15
20486;Producto de prueba 0486;7790000003402;Snacks;1.165,82;737,40;18
20487;Producto de prueba 0487;7790000003409;Congelados;1.167,19;738,30;21
20488;Producto de prueba 0488;7790000003416;Infusiones;1.168,56;739,20;24
20489;Producto de prueba 0489;7790000003423;Aceites;1.169,93;740,10;27
20490;Producto de prueba 0490;7790000003430;Conservas;1.171,30;;30
20491;Producto de prueba 0491;7790000003437;Galletitas;1.172,67;741,90;33
20492;Producto de prueba 0492;7790000003444;Bebidas;1.174,04;742,80;36
20493;Producto de prueba 0493;7790000003451;Almacen;1.175,41;743,70;39
20494;Producto de prueba 0494;7790000003458;Lácteos;1.176,78;744,60;42
20495;Producto de prueba 0495;7790000003465;Limpieza;1.178,15;;45
20496;Producto de prueba 0496;7790000003472;Perfumería;1.179,52;746,40;48
20497;Producto de prueba 0497;7790000003479;Golosinas;1.180,89;747,30;51
20498;Producto de prueba 0498;7790000003486;Snacks;1.182,26;748,20;54
20499;Producto de prueba 0499;7790000003493;Congelados;1.183,63;749,10;57
20500;Producto de prueba 0500;7790000003500;Infusiones;;;0
20501;Producto de prueba 0501;7790000003507;Aceites;1.186,37;750,90;3
20502;Producto de prueba 0502;7790000003514;Conservas;1.187,74;751,80;6
20503;Producto de prueba 0503;7790000003521;Galletitas;1.189,11;752,70;9
20504;Producto de prueba 0504;7790000003528;Bebidas;1.190,48;753,60;12
20505;Producto de prueba 0505;7790000003535;Almacen;1.191,85;;15
20506;Producto de prueba 0506;7790000003542;Lácteos;1.193,22;755,40;18
20507;Producto de prueba 0507;7790000003549;Limpieza;1.194,59;756,30;21
20508;Producto de prueba 0508;7790000003556;Perfumería;1.195,96;757,20;24
20509;Producto de prueba 0509;7790000003563;Golosinas;1.197,33;758,10;27
20510;Producto de prueba 0510;7790000003570;Snacks;1.198,70;;30
20511;Producto de prueba 0511;7790000003577;Congelados;1.200,07;759,90;33
20512;Producto de prueba 0512;7790000003584;Infusiones;1.201,44;760,80;36
20513;Producto de prueba 0513;7790000003591;Aceites;1.202,81;761,70;39
20514;Producto de prueba 0514;7790000003598;Conservas;1.204,18;762,60;42
20515;Producto de prueba 0515;7790000003605;Galletitas;1.205,55;;45
20516;Producto de prueba 0516;7790000003612;Bebidas;1.206,92;764,40;48
20517;Producto de prueba 0517;7790000003619;Almacen;1.208,29;765,30;51
20518;Producto de prueba 0518;7790000003626;Lácteos;1.209,66;766,20;54
20519;Producto de prueba 0519;7790000003633;Limpieza;1.211,03;767,10;57
20520;Producto de prueba 0520;7790000003640;Perfumería;1.212,40;;0
20521;Producto de prueba 0521;7790000003647;Golosinas;1.213,77;768,90;3
20522;Producto de prueba 0522;7790000003654;Snacks;1.215,14;769,80;6
20523;Producto de prueba 0523;7790000003661;Congelados;1.216,51;770,70;9
20524;Producto de prueba 0524;7790000003668;Infusiones;1.217,88;771,60;12
20525;Producto de prueba 0525;7790000003675;Aceites;1.219,25;;15
20526;Producto de prueba 0526;7790000003682;Conservas;1.220,62;773,40;18
20527;Producto de prueba 0527;7790000003689;Galletitas;1.221,99;774,30;21
20528;Producto de prueba 0528;7790000003696;Bebidas;1.223,36;775,20;24
20529;Producto de prueba 0529;7790000003703;Almacen;1.224,73;776,10;27
20530;Producto de prueba 0530;7790000003710;Lácteos;1.226,10;;30
20531;Producto de prueba 0531;7790000003717;Limpieza;1.227,47;777,90;33
20532;Producto de prueba 0532;7790000003724;Perfumería;1.228,84;778,80;36
20533;Producto de prueba 0533;7790000003731;Golosinas;1.230,21;779,70;39
20534;Producto de prueba 0534;7790000003738;Snacks;1.231,58;780,60;42
20535;Producto de prueba 0535;7790000003745;Congelados;1.232,95;;45
20536;Producto de prueba 0536;7790000003752;Infusiones;1.234,32;782,40;48
20537;Producto de prueba 0537;7790000003759;Aceites;1.235,69;783,30;51
20538;Producto de prueba 0538;7790000003766;Conservas;1.237,06;784,20;54
20539;Producto de prueba 0539;7790000003773;Galletitas;1.238,43;785,10;57
20540;Producto de prueba 0540;7790000003780;Bebidas;1.239,80;;0
20541;Producto de prueba 0541;7790000003787;Almacen;1.241,17;786,90;3
20542;Producto de prueba 0542;7790000003794;Lácteos;1.242,54;787,80;6
20543;Producto de prueba 0543;7790000003801;Limpieza;1.243,91;788,70;9
20544;Producto de prueba 0544;7790000003808;Perfumería;1.245,28;789,60;12
20545;Producto de prueba 0545;7790000003815;Golosinas;1.246,65;;15
20546;Producto de prueba 0546;7790000003822;Snacks;1.248,02;791,40;18
20547;Producto de prueba 0547;7790000003829;Congelados;1.249,39;792,30;21
20548;Producto de prueba 0548;7790000003836;Infusiones;1.250,76;793,20;24
20549;Producto de prueba 0549;7790000003843;Aceites;1.252,13;794,10;27
20550;Producto de prueba 0550;7790000003850;Conservas;1.253,50;;30
20551;Producto de prueba 0551;7790000003857;Galletitas;1.254,87;795,90;33
20552;Producto de prueba 0552;7790000003864;Bebidas;1.256,24;796,80;36
20553;Producto de prueba 0553;7790000003871;Almacen;1.257,61;797,70;39
20554;Producto de prueba 0554;7790000003878;Lácteos;1.258,98;798,60;42
20555;Producto de prueba 0555;7790000003885;Limpieza;1.260,35;;45
20556;Producto de prueba 0556;7790000003892;Perfumería;1.261,72;800,40;48
20557;Producto de prueba 0557;7790000003899;Golosinas;1.263,09;801,30;51
20558;Producto de prueba 0558;7790000003906;Snacks;1.264,46;802,20;54
20559;Producto de prueba 0559;7790000003913;Congelados;1.265,83;803,10;57
20560;Producto de prueba 0560;7790000003920;Infusiones;1.267,20;;0
20561;Producto de prueba 0561;7790000003927;Aceites;1.268,57;804,90;3
20562;Producto de prueba 0562;7790000003934;Conservas;1.269,94;805,80;6
20563;Producto de prueba 0563;7790000003941;Galletitas;1.271,31;806,70;9
20564;Producto de prueba 0564;7790000003948;Bebidas;1.272,68;807,60;12
20565;Producto de prueba 0565;7790000003955;Almacen;1.274,05;;15
20566;Producto de prueba 0566;7790000003962;Lácteos;1.275,42;809,40;18
20567;Producto de prueba 0567;7790000003969;Limpieza;1.276,79;810,30;21
20568;Producto de prueba 0568;7790000003976;Perfumería;1.278,16;811,20;24
20569;Producto de prueba 0569;7790000003983;Golosinas;1.279,53;812,10;27
20570;Producto de prueba 0570;7790000003990;Snacks;1.280,90;;30
20571;Producto de prueba 0571;7790000003997;Congelados;1.282,27;813,90;33
20572;Producto de prueba 0572;7790000004004;Infusiones;1.283,64;814,80;36
20573;Producto de prueba 0573;7790000004011;Aceites;1.285,01;815,70;39
20574;Producto de prueba 0574;7790000004018;Conservas;1.286,38;816,60;42
20575;Producto de prueba 0575;7790000004025;Galletitas;1.287,75;;45
20576;Producto de prueba 0576;7790000004032;Bebidas;1.289,12;818,40;48
20577;Producto de prueba 0577;7790000004039;Almacen;1.290,49;819,30;51
20578;Producto de prueba 0578;7790000004046;Lácteos;1.291,86;820,20;54
20579;Producto de prueba 0579;7790000004053;Limpieza;1.293,23;821,10;57
20580;Producto de prueba 0580;7790000004060;Perfumería;1.294,60;;0
20581;Producto de prueba 0581;7790000004067;Golosinas;1.295,97;822,90;3
20582;Producto de prueba 0582;7790000004074;Snacks;1.297,34;823,80;6
20583;Producto de prueba 0583;7790000004081;Congelados;1.298,71;824,70;9
20584;Producto de prueba 0584;7790000004088;Infusiones;1.300,08;825,60;12
20585;Producto de prueba 0585;7790000004095;Aceites;1.301,45;;15
20586;Producto de prueba 0586;7790000004102;Conservas;1.302,82;827,40;18
20587;Producto de prueba 0587;7790000004109;Galletitas;1.304,19;828,30;21
20588;Producto de prueba 0588;7790000004116;Bebidas;1.305,56;829,20;24
20589;Producto de prueba 0589;7790000004123;Almacen;1.306,93;830,10;27
20590;Producto de prueba 0590;7790000004130;Lácteos;1.308,30;;30
20591;Producto de prueba 0591;7790000004137;Limpieza;1.309,67;831,90;33
20592;Producto de prueba 0592;7790000004144;Perfumería;1.311,04;832,80;36
20593;Producto de prueba 0593;7790000004151;Golosinas;1.312,41;833,70;39
20594;Producto de prueba 0594;7790000004158;Snacks;1.313,78;834,60;42
20595;Producto de prueba 0595;7790000004165;Congelados;1.315,15;;45
20596;Producto de prueba 0596;7790000004172;Infusiones;1.316,52;836,40;48
20597;Producto de prueba 0597;7790000004179;Aceites;1.317,89;837,30;51
20598;Producto de prueba 0598;7790000004186;Conservas;1.319,26;838,20;54
20599;Producto de prueba 0599;7790000004193;Galletitas;1.320,63;839,10;57
20600;Producto de prueba 0600;7790000004200;Bebidas;1.322,00;;0
20601;Producto de prueba 0601;7790000004207;Almacen;1.323,37;840,90;3
20602;Producto de prueba 0602;7790000004214;Lácteos;1.324,74;841,80;6
20603;Producto de prueba 0603;7790000004221;Limpieza;1.326,11;842,70;9
20604;Producto de prueba 0604;7790000004228;Perfumería;1.327,48;843,60;12
20605;Producto de prueba 0605;7790000004235;Golosinas;1.328,85;;15
20606;Producto de prueba 0606;7790000004242;Snacks;1.330,22;845,40;18
20607;Producto de prueba 0607;7790000004249;Congelados;1.331,59;846,30;21
20608;Producto de prueba 0608;7790000004256;Infusiones;1.332,96;847,20;24
20609;Producto de prueba 0609;7790000004263;Aceites;1.334,33;848,10;27
20610;Producto de prueba 0610;7790000004270;Conservas;1.335,70;;30
20611;Producto de prueba 0611;7790000004277;Galletitas;1.337,07;849,90;33
20612;Producto de prueba 0612;7790000004284;Bebidas;1.338,44;850,80;36
20613;Producto de prueba 0613;7790000004291;Almacen;1.339,81;851,70;39
20614;Producto de prueba 0614;7790000004298;Lácteos;1.341,18;852,60;42
20615;Producto de prueba 0615;7790000004305;Limpieza;1.342,55;;45
20616;Producto de prueba 0616;7790000004312;Perfumería;1.343,92;854,40;48
20617;Producto de prueba 0617;7790000004319;Golosinas;1.345,29;855,30;51
20618;Producto de prueba 0618;7790000004326;Snacks;1.346,66;856,20;54
20619;Producto de prueba 0619;7790000004333;Congelados;1.348,03;857,10;57
20620;Producto de prueba 0620;7790000004340;Infusiones;1.349,40;;0
20621;Producto de prueba 0621;7790000004347;Aceites;1.350,77;858,90;3
20622;Producto de prueba 0622;7790000004354;Conservas;1.352,14;859,80;6
20623;Producto de prueba 0623;7790000004361;Galletitas;1.353,51;860,70;9
20624;Producto de prueba 0624;7790000004368;Bebidas;1.354,88;861,60;12
20625;Producto de prueba 0625;7790000004375;Almacen;1.356,25;;15
20626;Producto de prueba 0626;7790000004382;Lácteos;1.357,62;863,40;18
20627;Producto de prueba 0627;7790000004389;Limpieza;1.358,99;864,30;21
20628;Producto de prueba 0628;7790000004396;Perfumería;1.360,36;865,20;24
20629;Producto de prueba 0629;7790000004403;Golosinas;1.361,73;866,10;27
20630;Producto de prueba 0630;7790000004410;Snacks;1.363,10;;30
20631;Producto de prueba 0631;7790000004417;Congelados;1.364,47;867,90;33
20632;Producto de prueba 0632;7790000004424;Infusiones;1.365,84;868,80;36
20633;Producto de prueba 0633;7790000004431;Aceites;1.367,21;869,70;39
20634;Producto de prueba 0634;7790000004438;Conservas;1.368,58;870,60;42
20635;Producto de prueba 0635;7790000004445;Galletitas;1.369,95;;45
20636;Producto de prueba 0636;7790000004452;Bebidas;1.371,32;872,40;48
20637;Producto de prueba 0637;7790000004459;Almacen;1.372,69;873,30;51
20638;Producto de prueba 0638;7790000004466;Lácteos;1.374,06;874,20;54
20639;Producto de prueba 0639;7790000004473;Limpieza;1.375,43;875,10;57
20640;Producto de prueba 0640;7790000004480;Perfumería;1.376,80;;0
20641;Producto de prueba 0641;7790000004487;Golosinas;1.378,17;876,90;3
20642;Producto de prueba 0642;7790000004494;Snacks;1.379,54;877,80;6
20643;Producto de prueba 0643;7790000004501;Congelados;1.380,91;878,70;9
20644;Producto de prueba 0644;7790000004508;Infusiones;1.382,28;879,60;12
20645;Producto de prueba 0645;7790000004515;Aceites;1.383,65;;15
20646;Producto de prueba 0646;7790000004522;Conservas;1.385,02;881,40;18
20647;Producto de prueba 0647;7790000004529;Galletitas;1.386,39;882,30;21
20648;Producto de prueba 0648;7790000004536;Bebidas;1.387,76;883,20;24
20649;Producto de prueba 0649;7790000004543;Almacen;1.389,13;884,10;27
20650;Producto de prueba 0650;7790000004550;Lácteos;1.390,50;;30
20651;Producto de prueba 0651;7790000004557;Limpieza;1.391,87;885,90;33
20652;Producto de prueba 0652;7790000004564;Perfumería;1.393,24;886,80;36
20653;Producto de prueba 0653;7790000004571;Golosinas;1.394,61;887,70;39
20654;Producto de prueba 0654;7790000004578;Snacks;1.395,98;888,60;42
20655;Producto de prueba 0655;7790000004585;Congelados;1.397,35;;45
20656;Producto de prueba 0656;7790000004592;Infusiones;1.398,72;890,40;48
20657;Producto de prueba 0657;7790000004599;Aceites;1.400,09;891,30;51
20658;Producto de prueba 0658;7790000004606;Conservas;1.401,46;892,20;54
20659;Producto de prueba 0659;7790000004613;Galletitas;1.402,83;893,10;57
20660;Producto de prueba 0660;7790000004620;Bebidas;1.404,20;;0
20661;Producto de prueba 0661;7790000004627;Almacen;1.405,57;894,90;3
20662;Producto de prueba 0662;7790000004634;Lácteos;1.406,94;895,80;6
20663;Producto de prueba 0663;7790000004641;Limpieza;1.408,31;896,70;9
20664;Producto de prueba 0664;7790000004648;Perfumería;1.409,68;897,60;12
20665;Producto de prueba 0665;7790000004655;Golosinas;1.411,05;;15
20666;Producto de prueba 0666;7790000004662;Snacks;1.412,42;899,40;18
20667;Producto de prueba 0667;7790000004669;Congelados;1.413,79;900,30;21
20668;Producto de prueba 0668;7790000004676;Infusiones;1.415,16;901,20;24
20669;Producto de prueba 0669;7790000004683;Aceites;1.416,53;902,10;27
20670;Producto de prueba 0670;7790000004690;Conservas;1.417,90;;30
20671;Producto de prueba 0671;7790000004697;Galletitas;1.419,27;903,90;33
20672;Producto de prueba 0672;7790000004704;Bebidas;1.420,64;904,80;36
20673;Producto de prueba 0673;7790000004711;Almacen;1.422,01;905,70;39
20674;Producto de prueba 0674;7790000004718;Lácteos;1.423,38;906,60;42
20675;Producto de prueba 0675;7790000004725;Limpieza;1.424,75;;45
20676;Producto de prueba 0676;7790000004732;Perfumería;1.426,12;908,40;48
20677;Producto de prueba 0677;7790000004739;Golosinas;1.427,49;909,30;51
20678;Producto de prueba 0678;7790000004746;Snacks;1.428,86;910,20;54
20679;Producto de prueba 0679;7790000004753;Congelados;1.430,23;911,10;57
20680;Producto de prueba 0680;7790000004760;Infusiones;1.431,60;;0
20681;Producto de prueba 0681;7790000004767;Aceites;1.432,97;912,90;3
20682;Producto de prueba 0682;7790000004774;Conservas;1.434,34;913,80;6
20683;Producto de prueba 0683;7790000004781;Galletitas;1.435,71;914,70;9
20684;Producto de prueba 0684;7790000004788;Bebidas;1.437,08;915,60;12
20685;Producto de prueba 0685;7790000004795;Almacen;1.438,45;;15
20686;Producto de prueba 0686;7790000004802;Lácteos;1.439,82;917,40;18
20687;Producto de prueba 0687;7790000004809;Limpieza;1.441,19;918,30;21
20688;Producto de prueba 0688;7790000004816;Perfumería;1.442,56;919,20;24
20689;Producto de prueba 0689;7790000004823;Golosinas;1.443,93;920,10;27
20690;Producto de prueba 0690;7790000004830;Snacks;1.445,30;;30
20691;Producto de prueba 0691;7790000004837;Congelados;1.446,67;921,90;33
20692;Producto de prueba 0692;7790000004844;Infusiones;1.448,04;922,80;36
20693;Producto de prueba 0693;7790000004851;Aceites;1.449,41;923,70;39
20694;Producto de prueba 0694;7790000004858;Conservas;1.450,78;924,60;42
20695;Producto de prueba 0695;7790000004865;Galletitas;1.452,15;;45
20696;Producto de prueba 0696;7790000004872;Bebidas;1.453,52;926,40;48
20697;Producto de prueba 0697;7790000004879;Almacen;1.454,89;927,30;51
20698;Producto de prueba 0698;7790000004886;Lácteos;1.456,26;928,20;54
20699;Producto de prueba 0699;7790000004893;Limpieza;1.457,63;929,10;57
20700;Producto de prueba 0700;7790000004900;Perfumería;1.459,00;;0
20701;Producto de prueba 0701;7790000004907;Golosinas;1.460,37;930,90;3
20702;Producto de prueba 0702;7790000004914;Snacks;1.461,74;931,80;6
20703;Producto de prueba 0703;7790000004921;Congelados;1.463,11;932,70;9
20704;Producto de prueba 0704;7790000004928;Infusiones;1.464,48;933,60;12
20705;Producto de prueba 0705;7790000004935;Aceites;1.465,85;;15
20706;Producto de prueba 0706;7790000004942;Conservas;1.467,22;935,40;18
20707;Producto de prueba 0707;7790000004949;Galletitas;1.468,59;936,30;21
20708;Producto de prueba 0708;7790000004956;Bebidas;1.469,96;937,20;24
20709;Producto de prueba 0709;7790000004963;Almacen;1.471,33;938,10;27
20710;Producto de prueba 0710;7790000004970;Lácteos;1.472,70;;30
20711;Producto de prueba 0711;7790000004977;Limpieza;1.474,07;939,90;33
20712;Producto de prueba 0712;7790000004984;Perfumería;1.475,44;940,80;36
20713;Producto de prueba 0713;7790000004991;Golosinas;1.476,81;941,70;39
20714;Producto de prueba 0714;7790000004998;Snacks;1.478,18;942,60;42
20715;Producto de prueba 0715;7790000005005;Congelados;1.479,55;;45
20716;Producto de prueba 0716;7790000005012;Infusiones;1.480,92;944,40;48
20717;Producto de prueba 0717;7790000005019;Aceites;1.482,29;945,30;51
20718;Producto de prueba 0718;7790000005026;Conservas;1.483,66;946,20;54
20719;Producto de prueba 0719;7790000005033;Galletitas;1.485,03;947,10;57
20720;Producto de prueba 0720;7790000005040;Bebidas;1.486,40;;0
20721;Producto de prueba 0721;7790000005047;Almacen;1.487,77;948,90;3
20722;Producto de prueba 0722;7790000005054;Lácteos;1.489,14;949,80;6
20723;Producto de prueba 0723;7790000005061;Limpieza;1.490,51;950,70;9
20724;Producto de prueba 0724;7790000005068;Perfumería;1.491,88;951,60;12
20725;Producto de prueba 0725;7790000005075;Golosinas;1.493,25;;15
20726;Producto de prueba 0726;7790000005082;Snacks;1.494,62;953,40;18
20727;Producto de prueba 0727;7790000005089;Congelados;1.495,99;954,30;21
20728;Producto de prueba 0728;7790000005096;Infusiones;1.497,36;955,20;24
20729;Producto de prueba 0729;7790000005103;Aceites;1.498,73;956,10;27
20730;Producto de prueba 0730;7790000005110;Conservas;1.500,10;;30
20731;Producto de prueba 0731;7790000005117;Galletitas;1.501,47;957,90;33
20732;Producto de prueba 0732;7790000005124;Bebidas;1.502,84;958,80;36
20733;Producto de prueba 0733;7790000005131;Almacen;1.504,21;959,70;39
20734;Producto de prueba 0734;7790000005138;Lácteos;1.505,58;960,60;42
20735;Producto de prueba 0735;7790000005145;Limpieza;1.506,95;;45
20736;Producto de prueba 0736;7790000005152;Perfumería;1.508,32;962,40;48
20737;Producto de prueba 0737;7790000005159;Golosinas;1.509,69;963,30;51
20738;Producto de prueba 0738;7790000005166;Snacks;1.511,06;964,20;54
20739;Producto de prueba 0739;7790000005173;Congelados;1.512,43;965,10;57
20740;Producto de prueba 0740;7790000005180;Infusiones;1.513,80;;0
20741;Producto de prueba 0741;7790000005187;Aceites;1.515,17;966,90;3
20742;Producto de prueba 0742;7790000005194;Conservas;1.516,54;967,80;6
20743;Producto de prueba 0743;7790000005201;Galletitas;1.517,91;968,70;9
20744;Producto de prueba 0744;7790000005208;Bebidas;1.519,28;969,60;12
20745;Producto de prueba 0745;7790000005215;Almacen;1.520,65;;15
20746;Producto de prueba 0746;7790000005222;Lácteos;1.522,02;971,40;18
20747;Producto de prueba 0747;7790000005229;Limpieza;1.523,39;972,30;21
20748;Producto de prueba 0748;7790000005236;Perfumería;1.524,76;973,20;24
20749;Producto de prueba 0749;7790000005243;Golosinas;1.526,13;974,10;27
20750;Producto de prueba 0750;7790000005250;Snacks;;;30
20751;Producto de prueba 0751;7790000005257;Congelados;1.528,87;975,90;33
20752;Producto de prueba 0752;7790000005264;Infusiones;1.530,24;976,80;36
20753;Producto de prueba 0753;7790000005271;Aceites;1.531,61;977,70;39
20754;Producto de prueba 0754;7790000005278;Conservas;1.532,98;978,60;42
20755;Producto de prueba 0755;7790000005285;Galletitas;1.534,35;;45
20756;Producto de prueba 0756;7790000005292;Bebidas;1.535,72;980,40;48
20757;Producto de prueba 0757;7790000005299;Almacen;1.537,09;981,30;51
20758;Producto de prueba 0758;7790000005306;Lácteos;1.538,46;982,20;54
20759;Producto de prueba 0759;7790000005313;Limpieza;1.539,83;983,10;57
20760;Producto de prueba 0760;7790000005320;Perfumería;1.541,20;;0
20761;Producto de prueba 0761;7790000005327;Golosinas;1.542,57;984,90;3
20762;Producto de prueba 0762;7790000005334;Snacks;1.543,94;985,80;6
20763;Producto de prueba 0763;7790000005341;Congelados;1.545,31;986,70;9
20764;Producto de prueba 0764;7790000005348;Infusiones;1.546,68;987,60;12
20765;Producto de prueba 0765;7790000005355;Aceites;1.548,05;;15
20766;Producto de prueba 0766;7790000005362;Conservas;1.549,42;989,40;18
20767;Producto de prueba 0767;7790000005369;Galletitas;1.550,79;990,30;21
20768;Producto de prueba 0768;7790000005376;Bebidas;1.552,16;991,20;24
20769;Producto de prueba 0769;7790000005383;Almacen;1.553,53;992,10;27
20770;Producto de prueba 0770;7790000005390;Lácteos;1.554,90;;30
20771;Producto de prueba 0771;7790000005397;Limpieza;1.556,27;993,90;33
20772;Producto de prueba 0772;7790000005404;Perfumería;1.557,64;994,80;36
20773;Producto de prueba 0773;7790000005411;Golosinas;1.559,01;995,70;39
20774;Producto de prueba 0774;7790000005418;Snacks;1.560,38;996,60;42
20775;Producto de prueba 0775;7790000005425;Congelados;1.561,75;;45
20776;Producto de prueba 0776;7790000005432;Infusiones;1.563,12;998,40;48
20777;Producto de prueba 0777;7790000005439;Aceites;1.564,49;999,30;51
20778;Producto de prueba 0778;7790000005446;Conservas;1.565,86;1.000,20;54
20779;Producto de prueba 0779;7790000005453;Galletitas;1.567,23;1.001,10;57
20780;Producto de prueba 0780;7790000005460;Bebidas;1.568,60;;0
20781;Producto de prueba 0781;7790000005467;Almacen;1.569,97;1.002,90;3
20782;Producto de prueba 0782;7790000005474;Lácteos;1.571,34;1.003,80;6
20783;Producto de prueba 0783;7790000005481;Limpieza;1.572,71;1.004,70;9
20784;Producto de prueba 0784;7790000005488;Perfumería;1.574,08;1.005,60;12
20785;Producto de prueba 0785;7790000005495;Golosinas;1.575,45;;15
20786;Producto de prueba 0786;7790000005502;Snacks;1.576,82;1.007,40;18
20787;Producto de prueba 0787;7790000005509;Congelados;1.578,19;1.008,30;21
20788;Producto de prueba 0788;7790000005516;Infusiones;1.579,56;1.009,20;24
20789;Producto de prueba 0789;7790000005523;Aceites;1.580,93;1.010,10;27
20790;Producto de prueba 0790;7790000005530;Conservas;1.582,30;;30
20791;Producto de prueba 0791;7790000005537;Galletitas;1.583,67;1.011,90;33
20792;Producto de prueba 0792;7790000005544;Bebidas;1.585,04;1.012,80;36
20793;Producto de prueba 0793;7790000005551;Almacen;1.586,41;1.013,70;39
20794;Producto de prueba 0794;7790000005558;Lácteos;1.587,78;1.014,60;42
20795;Producto de prueba 0795;7790000005565;Limpieza;1.589,15;;45
20796;Producto de prueba 0796;7790000005572;Perfumería;1.590,52;1.016,40;48
20797;Producto de prueba 0797;7790000005579;Golosinas;1.591,89;1.017,30;51
20798;Producto de prueba 0798;7790000005586;Snacks;1.593,26;1.018,20;54
20799;Producto de prueba 0799;7790000005593;Congelados;1.594,63;1.019,10;57
20800;Producto de prueba 0800;7790000005600;Infusiones;1.596,00;;0
20801;Producto de prueba 0801;7790000005607;Aceites;1.597,37;1.020,90;3
20802;Producto de prueba 0802;7790000005614;Conservas;1.598,74;1.021,80;6
20803;Producto de prueba 0803;7790000005621;Galletitas;1.600,11;1.022,70;9
20804;Producto de prueba 0804;7790000005628;Bebidas;1.601,48;1.023,60;12
20805;Producto de prueba 0805;7790000005635;Almacen;1.602,85;;15
20806;Producto de prueba 0806;7790000005642;Lácteos;1.604,22;1.025,40;18
20807;Producto de prueba 0807;7790000005649;Limpieza;1.605,59;1.026,30;21
20808;Producto de prueba 0808;7790000005656;Perfumería;1.606,96;1.027,20;24
20809;Producto de prueba 0809;7790000005663;Golosinas;1.608,33;1.028,10;27
20810;Producto de prueba 0810;7790000005670;Snacks;1.609,70;;30
20811;Producto de prueba 0811;7790000005677;Congelados;1.611,07;1.029,90;33
20812;Producto de prueba 0812;7790000005684;Infusiones;1.612,44;1.030,80;36
20813;Producto de prueba 0813;7790000005691;Aceites;1.613,81;1.031,70;39
20814;Producto de prueba 0814;7790000005698;Conservas;1.615,18;1.032,60;42
20815;Producto de prueba 0815;7790000005705;Galletitas;1.616,55;;45
20816;Producto de prueba 0816;7790000005712;Bebidas;1.617,92;1.034,40;48
20817;Producto de prueba 0817;7790000005719;Almacen;1.619,29;1.035,30;51
20818;Producto de prueba 0818;7790000005726;Lácteos;1.620,66;1.036,20;54
20819;Producto de prueba 0819;7790000005733;Limpieza;1.622,03;1.037,10;57
20820;Producto de prueba 0820;7790000005740;Perfumería;1.623,40;;0
20821;Producto de prueba 0821;7790000005747;Golosinas;1.624,77;1.038,90;3
20822;Producto de prueba 0822;7790000005754;Snacks;1.626,14;1.039,80;6
20823;Producto de prueba 0823;7790000005761;Congelados;1.627,51;1.040,70;9
20824;Producto de prueba 0824;7790000005768;Infusiones;1.628,88;1.041,60;12
20825;Producto de prueba 0825;7790000005775;Aceites;1.630,25;;15
20826;Producto de prueba 0826;7790000005782;Conservas;1.631,62;1.043,40;18
20827;Producto de prueba 0827;7790000005789;Galletitas;1.632,99;1.044,30;21
20828;Producto de prueba 0828;7790000005796;Bebidas;1.634,36;1.045,20;24
20829;Producto de prueba 0829;7790000005803;Almacen;1.635,73;1.046,10;27
20830;Producto de prueba 0830;7790000005810;Lácteos;1.637,10;;30
20831;Producto de prueba 0831;7790000005817;Limpieza;1.638,47;1.047,90;33
20832;Producto de prueba 0832;7790000005824;Perfumería;1.639,84;1.048,80;36
20833;Producto de prueba 0833;7790000005831;Golosinas;1.641,21;1.049,70;39
20834;Producto de prueba 0834;7790000005838;Snacks;1.642,58;1.050,60;42
20835;Producto de prueba 0835;7790000005845;Congelados;1.643,95;;45
20836;Producto de prueba 0836;7790000005852;Infusiones;1.645,32;1.052,40;48
20837;Producto de prueba 0837;7790000005859;Aceites;1.646,69;1.053,30;51
20838;Producto de prueba 0838;7790000005866;Conservas;1.648,06;1.054,20;54
20839;Producto de prueba 0839;7790000005873;Galletitas;1.649,43;1.055,10;57
20840;Producto de prueba 0840;7790000005880;Bebidas;1.650,80;;0
20841;Producto de prueba 0841;7790000005887;Almacen;1.652,17;1.056,90;3
20842;Producto de prueba 0842;7790000005894;Lácteos;1.653,54;1.057,80;6
20843;Producto de prueba 0843;7790000005901;Limpieza;1.654,91;1.058,70;9
20844;Producto de prueba 0844;7790000005908;Perfumería;1.656,28;1.059,60;12
20845;Producto de prueba 0845;7790000005915;Golosinas;1.657,65;;15
20846;Producto de prueba 0846;7790000005922;Snacks;1.659,02;1.061,40;18
20847;Producto de prueba 0847;7790000005929;Congelados;1.660,39;1.062,30;21
20848;Producto de prueba 0848;7790000005936;Infusiones;1.661,76;1.063,20;24
20849;Producto de prueba 0849;7790000005943;Aceites;1.663,13;1.064,10;27
20850;Producto de prueba 0850;7790000005950;Conservas;1.664,50;;30
20851;Producto de prueba 0851;7790000005957;Galletitas;1.665,87;1.065,90;33
20852;Producto de prueba 0852;7790000005964;Bebidas;1.667,24;1.066,80;36
20853;Producto de prueba 0853;7790000005971;Almacen;1.668,61;1.067,70;39
20854;Producto de prueba 0854;7790000005978;Lácteos;1.669,98;1.068,60;42
20855;Producto de prueba 0855;7790000005985;Limpieza;1.671,35;;45
20856;Producto de prueba 0856;7790000005992;Perfumería;1.672,72;1.070,40;48
20857;Producto de prueba 0857;7790000005999;Golosinas;1.674,09;1.071,30;51
20858;Producto de prueba 0858;7790000006006;Snacks;1.675,46;1.072,20;54
20859;Producto de prueba 0859;7790000006013;Congelados;1.676,83;1.073,10;57
20860;Producto de prueba 0860;7790000006020;Infusiones;1.678,20;;0
20861;Producto de prueba 0861;7790000006027;Aceites;1.679,57;1.074,90;3
20862;Producto de prueba 0862;7790000006034;Conservas;1.680,94;1.075,80;6
20863;Producto de prueba 0863;7790000006041;Galletitas;1.682,31;1.076,70;9
20864;Producto de prueba 0864;7790000006048;Bebidas;1.683,68;1.077,60;12
20865;Producto de prueba 0865;7790000006055;Almacen;1.685,05;;15
20866;Producto de prueba 0866;7790000006062;Lácteos;1.686,42;1.079,40;18
20867;Producto de prueba 0867;7790000006069;Limpieza;1.687,79;1.080,30;21
20868;Producto de prueba 0868;7790000006076;Perfumería;1.689,16;1.081,20;24
20869;Producto de prueba 0869;7790000006083;Golosinas;1.690,53;1.082,10;27
20870;Producto de prueba 0870;7790000006090;Snacks;1.691,90;;30
20871;Producto de prueba 0871;7790000006097;Congelados;1.693,27;1.083,90;33
20872;Producto de prueba 0872;7790000006104;Infusiones;1.694,64;1.084,80;36
20873;Producto de prueba 0873;7790000006111;Aceites;1.696,01;1.085,70;39
20874;Producto de prueba 0874;7790000006118;Conservas;1.697,38;1.086,60;42
20875;Producto de prueba 0875;7790000006125;Galletitas;1.698,75;;45
20876;Producto de prueba 0876;7790000006132;Bebidas;1.700,12;1.088,40;48
20877;Producto de prueba 0877;7790000006139;Almacen;1.701,49;1.089,30;51
20878;Producto de prueba 0878;7790000006146;Lácteos;1.702,86;1.090,20;54
20879;Producto de prueba 0879;7790000006153;Limpieza;1.704,23;1.091,10;57
20880;Producto de prueba 0880;7790000006160;Perfumería;1.705,60;;0
20881;Producto de prueba 0881;7790000006167;Golosinas;1.706,97;1.092,90;3
20882;Producto de prueba 0882;7790000006174;Snacks;1.708,34;1.093,80;6
20883;Producto de prueba 0883;7790000006181;Congelados;1.709,71;1.094,70;9
20884;Producto de prueba 0884;7790000006188;Infusiones;1.711,08;1.095,60;12
20885;Producto de prueba 0885;7790000006195;Aceites;1.712,45;;15
20886;Producto de prueba 0886;7790000006202;Conservas;1.713,82;1.097,40;18
20887;Producto de prueba 0887;7790000006209;Galletitas;1.715,19;1.098,30;21
20888;Producto de prueba 0888;7790000006216;Bebidas;1.716,56;1.099,20;24
20889;Producto de prueba 0889;7790000006223;Almacen;1.717,93;1.100,10;27
20890;Producto de prueba 0890;7790000006230;Lácteos;1.719,30;;30
20891;Producto de prueba 0891;7790000006237;Limpieza;1.720,67;1.101,90;33
20892;Producto de prueba 0892;7790000006244;Perfumería;1.722,04;1.102,80;36
20893;Producto de prueba 0893;7790000006251;Golosinas;1.723,41;1.103,70;39
20894;Producto de prueba 0894;7790000006258;Snacks;1.724,78;1.104,60;42
20895;Producto de prueba 0895;7790000006265;Congelados;1.726,15;;45
20896;Producto de prueba 0896;7790000006272;Infusiones;1.727,52;1.106,40;48
20897;Producto de prueba 0897;7790000006279;Aceites;1.728,89;1.107,30;51
20898;Producto de prueba 0898;7790000006286;Conservas;1.730,26;1.108,20;54
20899;Producto de prueba 0899;7790000006293;Galletitas;1.731,63;1.109,10;57
20900;Producto de prueba 0900;7790000006300;Bebidas;1.733,00;;0
20901;Producto de prueba 0901;7790000006307;Almacen;1.734,37;1.110,90;3
20902;Producto de prueba 0902;7790000006314;Lácteos;1.735,74;1.111,80;6
20903;Producto de prueba 0903;7790000006321;Limpieza;1.737,11;1.112,70;9
20904;Producto de prueba 0904;7790000006328;Perfumería;1.738,48;1.113,60;12
20905;Producto de prueba 0905;7790000006335;Golosinas;1.739,85;;15
20906;Producto de prueba 0906;7790000006342;Snacks;1.741,22;1.115,40;18
20907;Producto de prueba 0907;7790000006349;Congelados;1.742,59;1.116,30;21
20908;Producto de prueba 0908;7790000006356;Infusiones;1.743,96;1.117,20;24
20909;Producto de prueba 0909;7790000006363;Aceites;1.745,33;1.118,10;27
20910;Producto de prueba 0910;7790000006370;Conservas;1.746,70;;30
20911;Producto de prueba 0911;7790000006377;Galletitas;1.748,07;1.119,90;33
20912;Producto de prueba 0912;7790000006384;Bebidas;1.749,44;1.120,80;36
20913;Producto de prueba 0913;7790000006391;Almacen;1.750,81;1.121,70;39
20914;Producto de prueba 0914;7790000006398;Lácteos;1.752,18;1.122,60;42
20915;Producto de prueba 0915;7790000006405;Limpieza;1.753,55;;45
20916;Producto de prueba 0916;7790000006412;Perfumería;1.754,92;1.124,40;48
20917;Producto de prueba 0917;7790000006419;Golosinas;1.756,29;1.125,30;51
20918;Producto de prueba 0918;7790000006426;Snacks;1.757,66;1.126,20;54
20919;Producto de prueba 0919;7790000006433;Congelados;1.759,03;1.127,10;57
20920;Producto de prueba 0920;7790000006440;Infusiones;1.760,40;;0
20921;Producto de prueba 0921;7790000006447;Aceites;1.761,77;1.128,90;3
20922;Producto de prueba 0922;7790000006454;Conservas;1.763,14;1.129,80;6
20923;Producto de prueba 0923;7790000006461;Galletitas;1.764,51;1.130,70;9
20924;Producto de prueba 0924;7790000006468;Bebidas;1.765,88;1.131,60;12
20925;Producto de prueba 0925;7790000006475;Almacen;1.767,25;;15
20926;Producto de prueba 0926;7790000006482;Lácteos;1.768,62;1.133,40;18
20927;Producto de prueba 0927;7790000006489;Limpieza;1.769,99;1.134,30;21
20928;Producto de prueba 0928;7790000006496;Perfumería;1.771,36;1.135,20;24
20929;Producto de prueba 0929;7790000006503;Golosinas;1.772,73;1.136,10;27
20930;Producto de prueba 0930;7790000006510;Snacks;1.774,10;;30
20931;Producto de prueba 0931;7790000006517;Congelados;1.775,47;1.137,90;33
20932;Producto de prueba 0932;7790000006524;Infusiones;1.776,84;1.138,80;36
20933;Producto de prueba 0933;7790000006531;Aceites;1.778,21;1.139,70;39
20934;Producto de prueba 0934;7790000006538;Conservas;1.779,58;1.140,60;42
20935;Producto de prueba 0935;7790000006545;Galletitas;1.780,95;;45
20936;Producto de prueba 0936;7790000006552;Bebidas;1.782,32;1.142,40;48
20937;Producto de prueba 0937;7790000006559;Almacen;1.783,69;1.143,30;51
20938;Producto de prueba 0938;7790000006566;Lácteos;1.785,06;1.144,20;54
20939;Producto de prueba 0939;7790000006573;Limpieza;1.786,43;1.145,10;57
20940;Producto de prueba 0940;7790000006580;Perfumería;1.787,80;;0
20941;Producto de prueba 0941;7790000006587;Golosinas;1.789,17;1.146,90;3
20942;Producto de prueba 0942;7790000006594;Snacks;1.790,54;1.147,80;6
20943;Producto de prueba 0943;7790000006601;Congelados;1.791,91;1.148,70;9
20944;Producto de prueba 0944;7790000006608;Infusiones;1.793,28;1.149,60;12
20945;Producto de prueba 0945;7790000006615;Aceites;1.794,65;;15
20946;Producto de prueba 0946;7790000006622;Conservas;1.796,02;1.151,40;18
20947;Producto de prueba 0947;7790000006629;Galletitas;1.797,39;1.152,30;21
20948;Producto de prueba 0948;7790000006636;Bebidas;1.798,76;1.153,20;24
20949;Producto de prueba 0949;7790000006643;Almacen;1.800,13;1.154,10;27
20950;Producto de prueba 0950;7790000006650;Lácteos;1.801,50;;30
20951;Producto de prueba 0951;7790000006657;Limpieza;1.802,87;1.155,90;33
20952;Producto de prueba 0952;7790000006664;Perfumería;1.804,24;1.156,80;36
20953;Producto de prueba 0953;7790000006671;Golosinas;1.805,61;1.157,70;39
20954;Producto de prueba 0954;7790000006678;Snacks;1.806,98;1.158,60;42
20955;Producto de prueba 0955;7790000006685;Congelados;1.808,35;;45
20956;Producto de prueba 0956;7790000006692;Infusiones;1.809,72;1.160,40;48
20957;Producto de prueba 0957;7790000006699;Aceites;1.811,09;1.161,30;51
20958;Producto de prueba 0958;7790000006706;Conservas;1.812,46;1.162,20;54
20959;Producto de prueba 0959;7790000006713;Galletitas;1.813,83;1.163,10;57
20960;Producto de prueba 0960;7790000006720;Bebidas;1.815,20;;0
20961;Producto de prueba 0961;7790000006727;Almacen;1.816,57;1.164,90;3
20962;Producto de prueba 0962;7790000006734;Lácteos;1.817,94;1.165,80;6
20963;Producto de prueba 0963;7790000006741;Limpieza;1.819,31;1.166,70;9
20964;Producto de prueba 0964;7790000006748;Perfumería;1.820,68;1.167,60;12
20965;Producto de prueba 0965;7790000006755;Golosinas;1.822,05;;15
20966;Producto de prueba 0966;7790000006762;Snacks;1.823,42;1.169,40;18
20967;Producto de prueba 0967;7790000006769;Congelados;1.824,79;1.170,30;21
20968;Producto de prueba 0968;7790000006776;Infusiones;1.826,16;1.171,20;24
20969;Producto de prueba 0969;7790000006783;Aceites;1.827,53;1.172,10;27
20970;Producto de prueba 0970;7790000006790;Conservas;1.828,90;;30
20971;Producto de prueba 0971;7790000006797;Galletitas;1.830,27;1.173,90;33
20972;Producto de prueba 0972;7790000006804;Bebidas;1.831,64;1.174,80;36
20973;Producto de prueba 0973;7790000006811;Almacen;1.833,01;1.175,70;39
20974;Producto de prueba 0974;7790000006818;Lácteos;1.834,38;1.176,60;42
20975;Producto de prueba 0975;7790000006825;Limpieza;1.835,75;;45
20976;Producto de prueba 0976;7790000006832;Perfumería;1.837,12;1.178,40;48
20977;Producto de prueba 0977;7790000006839;Golosinas;1.838,49;1.179,30;51
20978;Producto de prueba 0978;7790000006846;Snacks;1.839,86;1.180,20;54
20979;Producto de prueba 0979;7790000006853;Congelados;1.841,23;1.181,10;57
20980;Producto de prueba 0980;7790000006860;Infusiones;1.842,60;;0
20981;Producto de prueba 0981;7790000006867;Aceites;1.843,97;1.182,90;3
20982;Producto de prueba 0982;7790000006874;Conservas;1.845,34;1.183,80;6
20983;Producto de prueba 0983;7790000006881;Galletitas;1.846,71;1.184,70;9
20984;Producto de prueba 0984;7790000006888;Bebidas;1.848,08;1.185,60;12
20985;Producto de prueba 0985;7790000006895;Almacen;1.849,45;;15
20986;Producto de prueba 0986;7790000006902;Lácteos;1.850,82;1.187,40;18
20987;Producto de prueba 0987;7790000006909;Limpieza;1.852,19;1.188,30;21
20988;Producto de prueba 0988;7790000006916;Perfumería;1.853,56;1.189,20;24
20989;Producto de prueba 0989;7790000006923;Golosinas;1.854,93;1.190,10;27
20990;Producto de prueba 0990;7790000006930;Snacks;1.856,30;;30
20991;Producto de prueba 0991;7790000006937;Congelados;1.857,67;1.191,90;33
20992;Producto de prueba 0992;7790000006944;Infusiones;1.859,04;1.192,80;36
20993;Producto de prueba 0993;7790000006951;Aceites;1.860,41;1.193,70;39
20994;Producto de prueba 0994;7790000006958;Conservas;1.861,78;1.194,60;42
20995;Producto de prueba 0995;7790000006965;Galletitas;1.863,15;;45
20996;Producto de prueba 0996;7790000006972;Bebidas;1.864,52;1.196,40;48
20997;Producto de prueba 0997;7790000006979;Almacen;1.865,89;1.197,30;51
20998;Producto de prueba 0998;7790000006986;Lácteos;1.867,26;1.198,20;54
20999;Producto de prueba 0999;7790000006993;Limpieza;1.868,63;1.199,10;57
21000;Producto de prueba 1000;7790000007000;Perfumería;;;0
21001;Producto de prueba 1001;7790000007007;Golosinas;1.871,37;1.200,90;3
21002;Producto de prueba 1002;7790000007014;Snacks;1.872,74;1.201,80;6
21003;Producto de prueba 1003;7790000007021;Congelados;1.874,11;1.202,70;9
21004;Producto de prueba 1004;7790000007028;Infusiones;1.875,48;1.203,60;12
21005;Producto de prueba 1005;7790000007035;Aceites;1.876,85;;15
21006;Producto de prueba 1006;7790000007042;Conservas;1.878,22;1.205,40;18
21007;Producto de prueba 1007;7790000007049;Galletitas;1.879,59;1.206,30;21
21008;Producto de prueba 1008;7790000007056;Bebidas;1.880,96;1.207,20;24
21009;Producto de prueba 1009;7790000007063;Almacen;1.882,33;1.208,10;27
21010;Producto de prueba 1010;7790000007070;Lácteos;1.883,70;;30
21011;Producto de prueba 1011;7790000007077;Limpieza;1.885,07;1.209,90;33
21012;Producto de prueba 1012;7790000007084;Perfumería;1.886,44;1.210,80;36
21013;Producto de prueba 1013;7790000007091;Golosinas;1.887,81;1.211,70;39
21014;Producto de prueba 1014;7790000007098;Snacks;1.889,18;1.212,60;42
21015;Producto de prueba 1015;7790000007105;Congelados;1.890,55;;45
21016;Producto de prueba 1016;7790000007112;Infusiones;1.891,92;1.214,40;48
21017;Producto de prueba 1017;7790000007119;Aceites;1.893,29;1.215,30;51
21018;Producto de prueba 1018;7790000007126;Conservas;1.894,66;1.216,20;54
21019;Producto de prueba 1019;7790000007133;Galletitas;1.896,03;1.217,10;57
21020;Producto de prueba 1020;7790000007140;Bebidas;1.897,40;;0
21021;Producto de prueba 1021;7790000007147;Almacen;1.898,77;1.218,90;3
21022;Producto de prueba 1022;7790000007154;Lácteos;1.900,14;1.219,80;6
21023;Producto de prueba 1023;7790000007161;Limpieza;1.901,51;1.220,70;9
21024;Producto de prueba 1024;7790000007168;Perfumería;1.902,88;1.221,60;12
21025;Producto de prueba 1025;7790000007175;Golosinas;1.904,25;;15
21026;Producto de prueba 1026;7790000007182;Snacks;1.905,62;1.223,40;18
21027;Producto de prueba 1027;7790000007189;Congelados;1.906,99;1.224,30;21
21028;Producto de prueba 1028;7790000007196;Infusiones;1.908,36;1.225,20;24
21029;Producto de prueba 1029;7790000007203;Aceites;1.909,73;1.226,10;27
21030;Producto de prueba 1030;7790000007210;Conservas;1.911,10;;30
21031;Producto de prueba 1031;7790000007217;Galletitas;1.912,47;1.227,90;33
21032;Producto de prueba 1032;7790000007224;Bebidas;1.913,84;1.228,80;36
21033;Producto de prueba 1033;7790000007231;Almacen;1.915,21;1.229,70;39
21034;Producto de prueba 1034;7790000007238;Lácteos;1.916,58;1.230,60;42
21035;Producto de prueba 1035;7790000007245;Limpieza;1.917,95;;45
21036;Producto de prueba 1036;7790000007252;Perfumería;1.919,32;1.232,40;48
21037;Producto de prueba 1037;7790000007259;Golosinas;1.920,69;1.233,30;51
21038;Producto de prueba 1038;7790000007266;Snacks;1.922,06;1.234,20;54
21039;Producto de prueba 1039;7790000007273;Congelados;1.923,43;1.235,10;57
21040;Producto de prueba 1040;7790000007280;Infusiones;1.924,80;;0
21041;Producto de prueba 1041;7790000007287;Aceites;1.926,17;1.236,90;3
21042;Producto de prueba 1042;7790000007294;Conservas;1.927,54;1.237,80;6
21043;Producto de prueba 1043;7790000007301;Galletitas;1.928,91;1.238,70;9
21044;Producto de prueba 1044;7790000007308;Bebidas;1.930,28;1.239,60;12
21045;Producto de prueba 1045;7790000007315;Almacen;1.931,65;;15
21046;Producto de prueba 1046;7790000007322;Lácteos;1.933,02;1.241,40;18
21047;Producto de prueba 1047;7790000007329;Limpieza;1.934,39;1.242,30;21
21048;Producto de prueba 1048;7790000007336;Perfumería;1.935,76;1.243,20;24
21049;Producto de prueba 1049;7790000007343;Golosinas;1.937,13;1.244,10;27
21050;Producto de prueba 1050;7790000007350;Snacks;1.938,50;;30
21051;Producto de prueba 1051;7790000007357;Congelados;1.939,87;1.245,90;33
21052;Producto de prueba 1052;7790000007364;Infusiones;1.941,24;1.246,80;36
21053;Producto de prueba 1053;7790000007371;Aceites;1.942,61;1.247,70;39
21054;Producto de prueba 1054;7790000007378;Conservas;1.943,98;1.248,60;42
21055;Producto de prueba 1055;7790000007385;Galletitas;1.945,35;;45
21056;Producto de prueba 1056;7790000007392;Bebidas;1.946,72;1.250,40;48
21057;Producto de prueba 1057;7790000007399;Almacen;1.948,09;1.251,30;51
21058;Producto de prueba 1058;7790000007406;Lácteos;1.949,46;1.252,20;54
21059;Producto de prueba 1059;7790000007413;Limpieza;1.950,83;1.253,10;57
21060;Producto de prueba 1060;7790000007420;Perfumería;1.952,20;;0
21061;Producto de prueba 1061;7790000007427;Golosinas;1.953,57;1.254,90;3
21062;Producto de prueba 1062;7790000007434;Snacks;1.954,94;1.255,80;6
21063;Producto de prueba 1063;7790000007441;Congelados;1.956,31;1.256,70;9
21064;Producto de prueba 1064;7790000007448;Infusiones;1.957,68;1.257,60;12
21065;Producto de prueba 1065;7790000007455;Aceites;1.959,05;;15
21066;Producto de prueba 1066;7790000007462;Conservas;1.960,42;1.259,40;18
21067;Producto de prueba 1067;7790000007469;Galletitas;1.961,79;1.260,30;21
21068;Producto de prueba 1068;7790000007476;Bebidas;1.963,16;1.261,20;24
21069;Producto de prueba 1069;7790000007483;Almacen;1.964,53;1.262,10;27
21070;Producto de prueba 1070;7790000007490;Lácteos;1.965,90;;30
21071;Producto de prueba 1071;7790000007497;Limpieza;1.967,27;1.263,90;33
21072;Producto de prueba 1072;7790000007504;Perfumería;1.968,64;1.264,80;36
21073;Producto de prueba 1073;7790000007511;Golosinas;1.970,01;1.265,70;39
21074;Producto de prueba 1074;7790000007518;Snacks;1.971,38;1.266,60;42
21075;Producto de prueba 1075;7790000007525;Congelados;1.972,75;;45
21076;Producto de prueba 1076;7790000007532;Infusiones;1.974,12;1.268,40;48
21077;Producto de prueba 1077;7790000007539;Aceites;1.975,49;1.269,30;51
21078;Producto de prueba 1078;7790000007546;Conservas;1.976,86;1.270,20;54
21079;Producto de prueba 1079;7790000007553;Galletitas;1.978,23;1.271,10;57
21080;Producto de prueba 1080;7790000007560;Bebidas;1.979,60;;0
21081;Producto de prueba 1081;7790000007567;Almacen;1.980,97;1.272,90;3
21082;Producto de prueba 1082;7790000007574;Lácteos;1.982,34;1.273,80;6
21083;Producto de prueba 1083;7790000007581;Limpieza;1.983,71;1.274,70;9
21084;Producto de prueba 1084;7790000007588;Perfumería;1.985,08;1.275,60;12
21085;Producto de prueba 1085;7790000007595;Golosinas;1.986,45;;15
21086;Producto de prueba 1086;7790000007602;Snacks;1.987,82;1.277,40;18
21087;Producto de prueba 1087;7790000007609;Congelados;1.989,19;1.278,30;21
21088;Producto de prueba 1088;7790000007616;Infusiones;1.990,56;1.279,20;24
21089;Producto de prueba 1089;7790000007623;Aceites;1.991,93;1.280,10;27
21090;Producto de prueba 1090;7790000007630;Conservas;1.993,30;;30
21091;Producto de prueba 1091;7790000007637;Galletitas;1.994,67;1.281,90;33
21092;Producto de prueba 1092;7790000007644;Bebidas;1.996,04;1.282,80;36
21093;Producto de prueba 1093;7790000007651;Almacen;1.997,41;1.283,70;39
21094;Producto de prueba 1094;7790000007658;Lácteos;1.998,78;1.284,60;42
21095;Producto de prueba 1095;7790000007665;Limpieza;2.000,15;;45
21096;Producto de prueba 1096;7790000007672;Perfumería;2.001,52;1.286,40;48
21097;Producto de prueba 1097;7790000007679;Golosinas;2.002,89;1.287,30;51
21098;Producto de prueba 1098;7790000007686;Snacks;2.004,26;1.288,20;54
21099;Producto de prueba 1099;7790000007693;Congelados;2.005,63;1.289,10;57
21100;Producto de prueba 1100;7790000007700;Infusiones;2.007,00;;0
21101;Producto de prueba 1101;7790000007707;Aceites;2.008,37;1.290,90;3
21102;Producto de prueba 1102;7790000007714;Conservas;2.009,74;1.291,80;6
21103;Producto de prueba 1103;7790000007721;Galletitas;2.011,11;1.292,70;9
21104;Producto de prueba 1104;7790000007728;Bebidas;2.012,48;1.293,60;12
21105;Producto de prueba 1105;7790000007735;Almacen;2.013,85;;15
21106;Producto de prueba 1106;7790000007742;Lácteos;2.015,22;1.295,40;18
21107;Producto de prueba 1107;7790000007749;Limpieza;2.016,59;1.296,30;21
21108;Producto de prueba 1108;7790000007756;Perfumería;2.017,96;1.297,20;24
21109;Producto de prueba 1109;7790000007763;Golosinas;2.019,33;1.298,10;27
21110;Producto de prueba 1110;7790000007770;Snacks;2.020,70;;30
21111;Producto de prueba 1111;7790000007777;Congelados;2.022,07;1.299,90;33
21112;Producto de prueba 1112;7790000007784;Infusiones;2.023,44;1.300,80;36
21113;Producto de prueba 1113;7790000007791;Aceites;2.024,81;1.301,70;39
21114;Producto de prueba 1114;7790000007798;Conservas;2.026,18;1.302,60;42
21115;Producto de prueba 1115;7790000007805;Galletitas;2.027,55;;45
21116;Producto de prueba 1116;7790000007812;Bebidas;2.028,92;1.304,40;48
21117;Producto de prueba 1117;7790000007819;Almacen;2.030,29;1.305,30;51
21118;Producto de prueba 1118;7790000007826;Lácteos;2.031,66;1.306,20;54
21119;Producto de prueba 1119;7790000007833;Limpieza;2.033,03;1.307,10;57
21120;Producto de prueba 1120;7790000007840;Perfumería;2.034,40;;0
21121;Producto de prueba 1121;7790000007847;Golosinas;2.035,77;1.308,90;3
21122;Producto de prueba 1122;7790000007854;Snacks;2.037,14;1.309,80;6
21123;Producto de prueba 1123;7790000007861;Congelados;2.038,51;1.310,70;9
21124;Producto de prueba 1124;7790000007868;Infusiones;2.039,88;1.311,60;12
21125;Producto de prueba 1125;7790000007875;Aceites;2.041,25;;15
21126;Producto de prueba 1126;7790000007882;Conservas;2.042,62;1.313,40;18
21127;Producto de prueba 1127;7790000007889;Galletitas;2.043,99;1.314,30;21
21128;Producto de prueba 1128;7790000007896;Bebidas;2.045,36;1.315,20;24
21129;Producto de prueba 1129;7790000007903;Almacen;2.046,73;1.316,10;27
21130;Producto de prueba 1130;7790000007910;Lácteos;2.048,10;;30
21131;Producto de prueba 1131;7790000007917;Limpieza;2.049,47;1.317,90;33
21132;Producto de prueba 1132;7790000007924;Perfumería;2.050,84;1.318,80;36
21133;Producto de prueba 1133;7790000007931;Golosinas;2.052,21;1.319,70;39
21134;Producto de prueba 1134;7790000007938;Snacks;2.053,58;1.320,60;42
21135;Producto de prueba 1135;7790000007945;Congelados;2.054,95;;45
21136;Producto de prueba 1136;7790000007952;Infusiones;2.056,32;1.322,40;48
21137;Producto de prueba 1137;7790000007959;Aceites;2.057,69;1.323,30;51
21138;Producto de prueba 1138;7790000007966;Conservas;2.059,06;1.324,20;54
21139;Producto de prueba 1139;7790000007973;Galletitas;2.060,43;1.325,10;57
21140;Producto de prueba 1140;7790000007980;Bebidas;2.061,80;;0
21141;Producto de prueba 1141;7790000007987;Almacen;2.063,17;1.326,90;3
21142;Producto de prueba 1142;7790000007994;Lácteos;2.064,54;1.327,80;6
21143;Producto de prueba 1143;7790000008001;Limpieza;2.065,91;1.328,70;9
21144;Producto de prueba 1144;7790000008008;Perfumería;2.067,28;1.329,60;12
21145;Producto de prueba 1145;7790000008015;Golosinas;2.068,65;;15
21146;Producto de prueba 1146;7790000008022;Snacks;2.070,02;1.331,40;18
21147;Producto de prueba 1147;7790000008029;Congelados;2.071,39;1.332,30;21
21148;Producto de prueba 1148;7790000008036;Infusiones;2.072,76;1.333,20;24
21149;Producto de prueba 1149;7790000008043;Aceites;2.074,13;1.334,10;27
21150;Producto de prueba 1150;7790000008050;Conservas;2.075,50;;30
21151;Producto de prueba 1151;7790000008057;Galletitas;2.076,87;1.335,90;33
21152;Producto de prueba 1152;7790000008064;Bebidas;2.078,24;1.336,80;36
21153;Producto de prueba 1153;7790000008071;Almacen;2.079,61;1.337,70;39
21154;Producto de prueba 1154;7790000008078;Lácteos;2.080,98;1.338,60;42
21155;Producto de prueba 1155;7790000008085;Limpieza;2.082,35;;45
21156;Producto de prueba 1156;7790000008092;Perfumería;2.083,72;1.340,40;48
21157;Producto de prueba 1157;7790000008099;Golosinas;2.085,09;1.341,30;51
21158;Producto de prueba 1158;7790000008106;Snacks;2.086,46;1.342,20;54
21159;Producto de prueba 1159;7790000008113;Congelados;2.087,83;1.343,10;57
21160;Producto de prueba 1160;7790000008120;Infusiones;2.089,20;;0
21161;Producto de prueba 1161;7790000008127;Aceites;2.090,57;1.344,90;3
21162;Producto de prueba 1162;7790000008134;Conservas;2.091,94;1.345,80;6
21163;Producto de prueba 1163;7790000008141;Galletitas;2.093,31;1.346,70;9
21164;Producto de prueba 1164;7790000008148;Bebidas;2.094,68;1.347,60;12
21165;Producto de prueba 1165;7790000008155;Almacen;2.096,05;;15
21166;Producto de prueba 1166;7790000008162;Lácteos;2.097,42;1.349,40;18
21167;Producto de prueba 1167;7790000008169;Limpieza;2.098,79;1.350,30;21
21168;Producto de prueba 1168;7790000008176;Perfumería;2.100,16;1.351,20;24
21169;Producto de prueba 1169;7790000008183;Golosinas;2.101,53;1.352,10;27
21170;Producto de prueba 1170;7790000008190;Snacks;2.102,90;;30
21171;Producto de prueba 1171;7790000008197;Congelados;2.104,27;1.353,90;33
21172;Producto de prueba 1172;7790000008204;Infusiones;2.105,64;1.354,80;36
21173;Producto de prueba 1173;7790000008211;Aceites;2.107,01;1.355,70;39
21174;Producto de prueba 1174;7790000008218;Conservas;2.108,38;1.356,60;42
21175;Producto de prueba 1175;7790000008225;Galletitas;2.109,75;;45
21176;Producto de prueba 1176;7790000008232;Bebidas;2.111,12;1.358,40;48
21177;Producto de prueba 1177;7790000008239;Almacen;2.112,49;1.359,30;51
21178;Producto de prueba 1178;7790000008246;Lácteos;2.113,86;1.360,20;54
21179;Producto de prueba 1179;7790000008253;Limpieza;2.115,23;1.361,10;57
21180;Producto de prueba 1180;7790000008260;Perfumería;2.116,60;;0
21181;Producto de prueba 1181;7790000008267;Golosinas;2.117,97;1.362,90;3
21182;Producto de prueba 1182;7790000008274;Snacks;2.119,34;1.363,80;6
21183;Producto de prueba 1183;7790000008281;Congelados;2.120,71;1.364,70;9
21184;Producto de prueba 1184;7790000008288;Infusiones;2.122,08;1.365,60;12
21185;Producto de prueba 1185;7790000008295;Aceites;2.123,45;;15
21186;Producto de prueba 1186;7790000008302;Conservas;2.124,82;1.367,40;18
21187;Producto de prueba 1187;7790000008309;Galletitas;2.126,19;1.368,30;21
21188;Producto de prueba 1188;7790000008316;Bebidas;2.127,56;1.369,20;24
21189;Producto de prueba 1189;7790000008323;Almacen;2.128,93;1.370,10;27
21190;Producto de prueba 1190;7790000008330;Lácteos;2.130,30;;30
21191;Producto de prueba 1191;7790000008337;Limpieza;2.131,67;1.371,90;33
21192;Producto de prueba 1192;7790000008344;Perfumería;2.133,04;1.372,80;36
21193;Producto de prueba 1193;7790000008351;Golosinas;2.134,41;1.373,70;39
21194;Producto de prueba 1194;7790000008358;Snacks;2.135,78;1.374,60;42
21195;Producto de prueba 1195;7790000008365;Congelados;2.137,15;;45
21196;Producto de prueba 1196;7790000008372;Infusiones;2.138,52;1.376,40;48
21197;Producto de prueba 1197;7790000008379;Aceites;2.139,89;1.377,30;51
21198;Producto de prueba 1198;7790000008386;Conservas;2.141,26;1.378,20;54
21199;Producto de prueba 1199;7790000008393;Galletitas;2.142,63;1.379,10;57
21200;Producto de prueba 1200;7790000008400;Bebidas;2.144,00;;0
21201;Producto de prueba 1201;7790000008407;Almacen;2.145,37;1.380,90;3
21202;Producto de prueba 1202;7790000008414;Lácteos;2.146,74;1.381,80;6
21203;Producto de prueba 1203;7790000008421;Limpieza;2.148,11;1.382,70;9
21204;Producto de prueba 1204;7790000008428;Perfumería;2.149,48;1.383,60;12
21205;Producto de prueba 1205;7790000008435;Golosinas;2.150,85;;15
21206;Producto de prueba 1206;7790000008442;Snacks;2.152,22;1.385,40;18
21207;Producto de prueba 1207;7790000008449;Congelados;2.153,59;1.386,30;21
21208;Producto de prueba 1208;7790000008456;Infusiones;2.154,96;1.387,20;24
21209;Producto de prueba 1209;7790000008463;Aceites;2.156,33;1.388,10;27
21210;Producto de prueba 1210;7790000008470;Conservas;2.157,70;;30
21211;Producto de prueba 1211;7790000008477;Galletitas;2.159,07;1.389,90;33
21212;Producto de prueba 1212;7790000008484;Bebidas;2.160,44;1.390,80;36
21213;Producto de prueba 1213;7790000008491;Almacen;2.161,81;1.391,70;39
21214;Producto de prueba 1214;7790000008498;Lácteos;2.163,18;1.392,60;42
21215;Producto de prueba 1215;7790000008505;Limpieza;2.164,55;;45
21216;Producto de prueba 1216;7790000008512;Perfumería;2.165,92;1.394,40;48
21217;Producto de prueba 1217;7790000008519;Golosinas;2.167,29;1.395,30;51
21218;Producto de prueba 1218;7790000008526;Snacks;2.168,66;1.396,20;54
21219;Producto de prueba 1219;7790000008533;Congelados;2.170,03;1.397,10;57
21220;Producto de prueba 1220;7790000008540;Infusiones;2.171,40;;0
21221;Producto de prueba 1221;7790000008547;Aceites;2.172,77;1.398,90;3
21222;Producto de prueba 1222;7790000008554;Conservas;2.174,14;1.399,80;6
21223;Producto de prueba 1223;7790000008561;Galletitas;2.175,51;1.400,70;9
21224;Producto de prueba 1224;7790000008568;Bebidas;2.176,88;1.401,60;12
21225;Producto de prueba 1225;7790000008575;Almacen;2.178,25;;15
21226;Producto de prueba 1226;7790000008582;Lácteos;2.179,62;1.403,40;18
21227;Producto de prueba 1227;7790000008589;Limpieza;2.180,99;1.404,30;21
21228;Producto de prueba 1228;7790000008596;Perfumería;2.182,36;1.405,20;24
21229;Producto de prueba 1229;7790000008603;Golosinas;2.183,73;1.406,10;27
21230;Producto de prueba 1230;7790000008610;Snacks;2.185,10;;30
21231;Producto de prueba 1231;7790000008617;Congelados;2.186,47;1.407,90;33
21232;Producto de prueba 1232;7790000008624;Infusiones;2.187,84;1.408,80;36
21233;Producto de prueba 1233;7790000008631;Aceites;2.189,21;1.409,70;39
21234;Producto de prueba 1234;7790000008638;Conservas;2.190,58;1.410,60;42
21235;Producto de prueba 1235;7790000008645;Galletitas;2.191,95;;45
21236;Producto de prueba 1236;7790000008652;Bebidas;2.193,32;1.412,40;48
21237;Producto de prueba 1237;7790000008659;Almacen;2.194,69;1.413,30;51
21238;Producto de prueba 1238;7790000008666;Lácteos;2.196,06;1.414,20;54
21239;Producto de prueba 1239;7790000008673;Limpieza;2.197,43;1.415,10;57
21240;Producto de prueba 1240;7790000008680;Perfumería;2.198,80;;0
21241;Producto de prueba 1241;7790000008687;Golosinas;2.200,17;1.416,90;3
21242;Producto de prueba 1242;7790000008694;Snacks;2.201,54;1.417,80;6
21243;Producto de prueba 1243;7790000008701;Congelados;2.202,91;1.418,70;9
21244;Producto de prueba 1244;7790000008708;Infusiones;2.204,28;1.419,60;12
21245;Producto de prueba 1245;7790000008715;Aceites;2.205,65;;15
21246;Producto de prueba 1246;7790000008722;Conservas;2.207,02;1.421,40;18
21247;Producto de prueba 1247;7790000008729;Galletitas;2.208,39;1.422,30;21
21248;Producto de prueba 1248;7790000008736;Bebidas;2.209,76;1.423,20;24
21249;Producto de prueba 1249;7790000008743;Almacen;2.211,13;1.424,10;27
21250;Producto de prueba 1250;7790000008750;Lácteos;;;30
21251;Producto de prueba 1251;7790000008757;Limpieza;2.213,87;1.425,90;33
21252;Producto de prueba 1252;7790000008764;Perfumería;2.215,24;1.426,80;36
21253;Producto de prueba 1253;7790000008771;Golosinas;2.216,61;1.427,70;39
21254;Producto de prueba 1254;7790000008778;Snacks;2.217,98;1.428,60;42
21255;Producto de prueba 1255;7790000008785;Congelados;2.219,35;;45
21256;Producto de prueba 1256;7790000008792;Infusiones;2.220,72;1.430,40;48
21257;Producto de prueba 1257;7790000008799;Aceites;2.222,09;1.431,30;51
21258;Producto de prueba 1258;7790000008806;Conservas;2.223,46;1.432,20;54
21259;Producto de prueba 1259;7790000008813;Galletitas;2.224,83;1.433,10;57
21260;Producto de prueba 1260;7790000008820;Bebidas;2.226,20;;0
21261;Producto de prueba 1261;7790000008827;Almacen;2.227,57;1.434,90;3
21262;Producto de prueba 1262;7790000008834;Lácteos;2.228,94;1.435,80;6
21263;Producto de prueba 1263;7790000008841;Limpieza;2.230,31;1.436,70;9
21264;Producto de prueba 1264;7790000008848;Perfumería;2.231,68;1.437,60;12
21265;Producto de prueba 1265;7790000008855;Golosinas;2.233,05;;15
21266;Producto de prueba 1266;7790000008862;Snacks;2.234,42;1.439,40;18
21267;Producto de prueba 1267;7790000008869;Congelados;2.235,79;1.440,30;21
21268;Producto de prueba 1268;7790000008876;Infusiones;2.237,16;1.441,20;24
21269;Producto de prueba 1269;7790000008883;Aceites;2.238,53;1.442,10;27
21270;Producto de prueba 1270;7790000008890;Conservas;2.239,90;;30
21271;Producto de prueba 1271;7790000008897;Galletitas;2.241,27;1.443,90;33
21272;Producto de prueba 1272;7790000008904;Bebidas;2.242,64;1.444,80;36
21273;Producto de prueba 1273;7790000008911;Almacen;2.244,01;1.445,70;39
21274;Producto de prueba 1274;7790000008918;Lácteos;2.245,38;1.446,60;42
21275;Producto de prueba 1275;7790000008925;Limpieza;2.246,75;;45
21276;Producto de prueba 1276;7790000008932;Perfumería;2.248,12;1.448,40;48
21277;Producto de prueba 1277;7790000008939;Golosinas;2.249,49;1.449,30;51
21278;Producto de prueba 1278;7790000008946;Snacks;2.250,86;1.450,20;54
21279;Producto de prueba 1279;7790000008953;Congelados;2.252,23;1.451,10;57
21280;Producto de prueba 1280;7790000008960;Infusiones;2.253,60;;0
21281;Producto de prueba 1281;7790000008967;Aceites;2.254,97;1.452,90;3
21282;Producto de prueba 1282;7790000008974;Conservas;2.256,34;1.453,80;6
21283;Producto de prueba 1283;7790000008981;Galletitas;2.257,71;1.454,70;9
21284;Producto de prueba 1284;7790000008988;Bebidas;2.259,08;1.455,60;12
21285;Producto de prueba 1285;7790000008995;Almacen;2.260,45;;15
21286;Producto de prueba 1286;7790000009002;Lácteos;2.261,82;1.457,40;18
21287;Producto de prueba 1287;7790000009009;Limpieza;2.263,19;1.458,30;21
21288;Producto de prueba 1288;7790000009016;Perfumería;2.264,56;1.459,20;24
21289;Producto de prueba 1289;7790000009023;Golosinas;2.265,93;1.460,10;27
21290;Producto de prueba 1290;7790000009030;Snacks;2.267,30;;30
21291;Producto de prueba 1291;7790000009037;Congelados;2.268,67;1.461,90;33
21292;Producto de prueba 1292;7790000009044;Infusiones;2.270,04;1.462,80;36
21293;Producto de prueba 1293;7790000009051;Aceites;2.271,41;1.463,70;39
21294;Producto de prueba 1294;7790000009058;Conservas;2.272,78;1.464,60;42
21295;Producto de prueba 1295;7790000009065;Galletitas;2.274,15;;45
21296;Producto de prueba 1296;7790000009072;Bebidas;2.275,52;1.466,40;48
21297;Producto de prueba 1297;7790000009079;Almacen;2.276,89;1.467,30;51
21298;Producto de prueba 1298;7790000009086;Lácteos;2.278,26;1.468,20;54
21299;Producto de prueba 1299;7790000009093;Limpieza;2.279,63;1.469,10;57
21300;Producto de prueba 1300;7790000009100;Perfumería;2.281,00;;0
21301;Producto de prueba 1301;7790000009107;Golosinas;2.282,37;1.470,90;3
21302;Producto de prueba 1302;7790000009114;Snacks;2.283,74;1.471,80;6
21303;Producto de prueba 1303;7790000009121;Congelados;2.285,11;1.472,70;9
21304;Producto de prueba 1304;7790000009128;Infusiones;2.286,48;1.473,60;12
21305;Producto de prueba 1305;7790000000035;Aceites;2.287,85;;15
21306;Producto de prueba 1306;7790000009142;Conservas;2.289,22;1.475,40;18
21307;Producto de prueba 1307;7790000009149;Galletitas;2.290,59;1.476,30;21
21308;Producto de prueba 1308;7790000009156;Bebidas;2.291,96;1.477,20;24
21309;Producto de prueba 1309;7790000009163;Almacen;2.293,33;1.478,10;27
21310;Producto de prueba 1310;7790000009170;Lácteos;2.294,70;;30
21311;Producto de prueba 1311;7790000009177;Limpieza;2.296,07;1.479,90;33
21312;Producto de prueba 1312;7790000009184;Perfumería;2.297,44;1.480,80;36
21313;Producto de prueba 1313;7790000009191;Golosinas;2.298,81;1.481,70;39
21314;Producto de prueba 1314;7790000009198;Snacks;2.300,18;1.482,60;42
21315;Producto de prueba 1315;7790000009205;Congelados;2.301,55;;45
21316;Producto de prueba 1316;7790000009212;Infusiones;2.302,92;1.484,40;48
21317;Producto de prueba 1317;7790000009219;Aceites;2.304,29;1.485,30;51
21318;Producto de prueba 1318;7790000009226;Conservas;2.305,66;1.486,20;54
21319;Producto de prueba 1319;7790000009233;Galletitas;2.307,03;1.487,10;57
21320;Producto de prueba 1320;7790000009240;Bebidas;2.308,40;;0
21321;Producto de prueba 1321;7790000009247;Almacen;2.309,77;1.488,90;3
21322;Producto de prueba 1322;7790000009254;Lácteos;2.311,14;1.489,80;6
21323;Producto de prueba 1323;7790000009261;Limpieza;2.312,51;1.490,70;9
21324;Producto de prueba 1324;7790000009268;Perfumería;2.313,88;1.491,60;12
21325;Producto de prueba 1325;7790000009275;Golosinas;2.315,25;;15
21326;Producto de prueba 1326;7790000009282;Snacks;2.316,62;1.493,40;18
21327;Producto de prueba 1327;7790000009289;Congelados;2.317,99;1.494,30;21
21328;Producto de prueba 1328;7790000009296;Infusiones;2.319,36;1.495,20;24
21329;Producto de prueba 1329;7790000009303;Aceites;2.320,73;1.496,10;27
21330;Producto de prueba 1330;7790000009310;Conservas;2.322,10;;30
21331;Producto de prueba 1331;7790000009317;Galletitas;2.323,47;1.497,90;33
21332;Producto de prueba 1332;7790000009324;Bebidas;2.324,84;1.498,80;36
21333;Producto de prueba 1333;7790000009331;Almacen;2.326,21;1.499,70;39
21334;Producto de prueba 1334;7790000009338;Lácteos;2.327,58;1.500,60;42
21335;Producto de prueba 1335;7790000009345;Limpieza;2.328,95;;45
21336;Producto de prueba 1336;7790000009352;Perfumería;2.330,32;1.502,40;48
21337;Producto de prueba 1337;7790000009359;Golosinas;2.331,69;1.503,30;51
21338;Producto de prueba 1338;7790000009366;Snacks;2.333,06;1.504,20;54
21339;Producto de prueba 1339;7790000009373;Congelados;2.334,43;1.505,10;57
21340;Producto de prueba 1340;7790000009380;Infusiones;2.335,80;;0
21341;Producto de prueba 1341;7790000009387;Aceites;2.337,17;1.506,90;3
21342;Producto de prueba 1342;7790000009394;Conservas;2.338,54;1.507,80;6
21343;Producto de prueba 1343;7790000009401;Galletitas;2.339,91;1.508,70;9
21344;Producto de prueba 1344;7790000009408;Bebidas;2.341,28;1.509,60;12
21345;Producto de prueba 1345;7790000009415;Almacen;2.342,65;;15
21346;Producto de prueba 1346;7790000009422;Lácteos;2.344,02;1.511,40;18
21347;Producto de prueba 1347;7790000009429;Limpieza;2.345,39;1.512,30;21
21348;Producto de prueba 1348;7790000009436;Perfumería;2.346,76;1.513,20;24
21349;Producto de prueba 1349;7790000009443;Golosinas;2.348,13;1.514,10;27
21350;Producto de prueba 1350;7790000009450;Snacks;2.349,50;;30
21351;Producto de prueba 1351;7790000009457;Congelados;2.350,87;1.515,90;33
21352;Producto de prueba 1352;7790000009464;Infusiones;2.352,24;1.516,80;36
21353;Producto de prueba 1353;7790000009471;Aceites;2.353,61;1.517,70;39
21354;Producto de prueba 1354;7790000009478;Conservas;2.354,98;1.518,60;42
21355;Producto de prueba 1355;7790000009485;Galletitas;2.356,35;;45
21356;Producto de prueba 1356;7790000009492;Bebidas;2.357,72;1.520,40;48
21357;Producto de prueba 1357;7790000009499;Almacen;2.359,09;1.521,30;51
21358;Producto de prueba 1358;7790000009506;Lácteos;2.360,46;1.522,20;54
21359;Producto de prueba 1359;7790000009513;Limpieza;2.361,83;1.523,10;57
21360;Producto de prueba 1360;7790000009520;Perfumería;2.363,20;;0
21361;Producto de prueba 1361;7790000009527;Golosinas;2.364,57;1.524,90;3
21362;Producto de prueba 1362;7790000009534;Snacks;2.365,94;1.525,80;6
21363;Producto de prueba 1363;7790000009541;Congelados;2.367,31;1.526,70;9
21364;Producto de prueba 1364;7790000009548;Infusiones;2.368,68;1.527,60;12
21365;Producto de prueba 1365;7790000009555;Aceites;2.370,05;;15
21366;Producto de prueba 1366;7790000009562;Conservas;2.371,42;1.529,40;18
21367;Producto de prueba 1367;7790000009569;Galletitas;2.372,79;1.530,30;21
21368;Producto de prueba 1368;7790000009576;Bebidas;2.374,16;1.531,20;24
21369;Producto de prueba 1369;7790000009583;Almacen;2.375,53;1.532,10;27
21370;Producto de prueba 1370;7790000009590;Lácteos;2.376,90;;30
21371;Producto de prueba 1371;7790000009597;Limpieza;2.378,27;1.533,90;33
21372;Producto de prueba 1372;7790000009604;Perfumería;2.379,64;1.534,80;36
21373;Producto de prueba 1373;7790000009611;Golosinas;2.381,01;1.535,70;39
21374;Producto de prueba 1374;7790000009618;Snacks;2.382,38;1.536,60;42
21375;Producto de prueba 1375;7790000009625;Congelados;2.383,75;;45
21376;Producto de prueba 1376;7790000009632;Infusiones;2.385,12;1.538,40;48
21377;Producto de prueba 1377;7790000009639;Aceites;2.386,49;1.539,30;51
21378;Producto de prueba 1378;7790000009646;Conservas;2.387,86;1.540,20;54
21379;Producto de prueba 1379;7790000009653;Galletitas;2.389,23;1.541,10;57
21380;Producto de prueba 1380;7790000009660;Bebidas;2.390,60;;0
21381;Producto de prueba 1381;7790000009667;Almacen;2.391,97;1.542,90;3
21382;Producto de prueba 1382;7790000009674;Lácteos;2.393,34;1.543,80;6
21383;Producto de prueba 1383;7790000009681;Limpieza;2.394,71;1.544,70;9
21384;Producto de prueba 1384;7790000009688;Perfumería;2.396,08;1.545,60;12
21385;Producto de prueba 1385;7790000009695;Golosinas;2.397,45;;15
21386;Producto de prueba 1386;7790000009702;Snacks;2.398,82;1.547,40;18
21387;Producto de prueba 1387;7790000009709;Congelados;2.400,19;1.548,30;21
21388;Producto de prueba 1388;7790000009716;Infusiones;2.401,56;1.549,20;24
21389;Producto de prueba 1389;7790000009723;Aceites;2.402,93;1.550,10;27
21390;Producto de prueba 1390;7790000009730;Conservas;2.404,30;;30
21391;Producto de prueba 1391;7790000009737;Galletitas;2.405,67;1.551,90;33
21392;Producto de prueba 1392;7790000009744;Bebidas;2.407,04;1.552,80;36
21393;Producto de prueba 1393;7790000009751;Almacen;2.408,41;1.553,70;39
21394;Producto de prueba 1394;7790000009758;Lácteos;2.409,78;1.554,60;42
21395;Producto de prueba 1395;7790000009765;Limpieza;2.411,15;;45
21396;Producto de prueba 1396;7790000009772;Perfumería;2.412,52;1.556,40;48
21397;Producto de prueba 1397;7790000009779;Golosinas;2.413,89;1.557,30;51
21398;Producto de prueba 1398;7790000009786;Snacks;2.415,26;1.558,20;54
21399;Producto de prueba 1399;7790000009793;Congelados;2.416,63;1.559,10;57
21400;Producto de prueba 1400;7790000009800;Infusiones;2.418,00;;0
21401;Producto de prueba 1401;7790000009807;Aceites;2.419,37;1.560,90;3
21402;Producto de prueba 1402;7790000009814;Conservas;2.420,74;1.561,80;6
21403;Producto de prueba 1403;7790000009821;Galletitas;2.422,11;1.562,70;9
21404;Producto de prueba 1404;7790000009828;Bebidas;2.423,48;1.563,60;12
21405;Producto de prueba 1405;7790000009835;Almacen;2.424,85;;15
21406;Producto de prueba 1406;7790000009842;Lácteos;2.426,22;1.565,40;18
21407;Producto de prueba 1407;7790000009849;Limpieza;2.427,59;1.566,30;21
21408;Producto de prueba 1408;7790000009856;Perfumería;2.428,96;1.567,20;24
21409;Producto de prueba 1409;7790000009863;Golosinas;2.430,33;1.568,10;27
21410;Producto de prueba 1410;7790000009870;Snacks;2.431,70;;30
21411;Producto de prueba 1411;7790000009877;Congelados;2.433,07;1.569,90;33
21412;Producto de prueba 1412;7790000009884;Infusiones;2.434,44;1.570,80;36
21413;Producto de prueba 1413;7790000009891;Aceites;2.435,81;1.571,70;39
21414;Producto de prueba 1414;7790000009898;Conservas;2.437,18;1.572,60;42
21415;Producto de prueba 1415;7790000009905;Galletitas;2.438,55;;45
21416;Producto de prueba 1416;7790000009912;Bebidas;2.439,92;1.574,40;48
21417;Producto de prueba 1417;7790000009919;Almacen;2.441,29;1.575,30;51
21418;Producto de prueba 1418;7790000009926;Lácteos;2.442,66;1.576,20;54
21419;Producto de prueba 1419;7790000009933;Limpieza;2.444,03;1.577,10;57
21420;Producto de prueba 1420;7790000009940;Perfumería;2.445,40;;0
21421;Producto de prueba 1421;7790000009947;Golosinas;2.446,77;1.578,90;3
21422;Producto de prueba 1422;7790000009954;Snacks;2.448,14;1.579,80;6
21423;Producto de prueba 1423;7790000009961;Congelados;2.449,51;1.580,70;9
21424;Producto de prueba 1424;7790000009968;Infusiones;2.450,88;1.581,60;12
21425;Producto de prueba 1425;7790000009975;Aceites;2.452,25;;15
21426;Producto de prueba 1426;7790000009982;Conservas;2.453,62;1.583,40;18
21427;Producto de prueba 1427;7790000009989;Galletitas;2.454,99;1.584,30;21
21428;Producto de prueba 1428;7790000009996;Bebidas;2.456,36;1.585,20;24
21429;Producto de prueba 1429;7790000010003;Almacen;2.457,73;1.586,10;27
21430;Producto de prueba 1430;7790000010010;Lácteos;2.459,10;;30
21431;Producto de prueba 1431;7790000010017;Limpieza;2.460,47;1.587,90;33
21432;Producto de prueba 1432;7790000010024;Perfumería;2.461,84;1.588,80;36
21433;Producto de prueba 1433;7790000010031;Golosinas;2.463,21;1.589,70;39
21434;Producto de prueba 1434;7790000010038;Snacks;2.464,58;1.590,60;42
21435;Producto de prueba 1435;7790000010045;Congelados;2.465,95;;45
21436;Producto de prueba 1436;7790000010052;Infusiones;2.467,32;1.592,40;48
21437;Producto de prueba 1437;7790000010059;Aceites;2.468,69;1.593,30;51
21438;Producto de prueba 1438;7790000010066;Conservas;2.470,06;1.594,20;54
21439;Producto de prueba 1439;7790000010073;Galletitas;2.471,43;1.595,10;57
21440;Producto de prueba 1440;7790000010080;Bebidas;2.472,80;;0
21441;Producto de prueba 1441;7790000010087;Almacen;2.474,17;1.596,90;3
21442;Producto de prueba 1442;7790000010094;Lácteos;2.475,54;1.597,80;6
21443;Producto de prueba 1443;7790000010101;Limpieza;2.476,91;1.598,70;9
21444;Producto de prueba 1444;7790000010108;Perfumería;2.478,28;1.599,60;12
21445;Producto de prueba 1445;7790000010115;Golosinas;2.479,65;;15
21446;Producto de prueba 1446;7790000010122;Snacks;2.481,02;1.601,40;18
21447;Producto de prueba 1447;7790000010129;Congelados;2.482,39;1.602,30;21
21448;Producto de prueba 1448;7790000010136;Infusiones;2.483,76;1.603,20;24
21449;Producto de prueba 1449;7790000010143;Aceites;2.485,13;1.604,10;27
21450;Producto de prueba 1450;7790000010150;Conservas;2.486,50;;30
21451;Producto de prueba 1451;7790000010157;Galletitas;2.487,87;1.605,90;33
21452;Producto de prueba 1452;7790000010164;Bebidas;2.489,24;1.606,80;36
21453;Producto de prueba 1453;7790000010171;Almacen;2.490,61;1.607,70;39
21454;Producto de prueba 1454;7790000010178;Lácteos;2.491,98;1.608,60;42
21455;Producto de prueba 1455;7790000010185;Limpieza;2.493,35;;45
21456;Producto de prueba 1456;7790000010192;Perfumería;2.494,72;1.610,40;48
21457;Producto de prueba 1457;7790000010199;Golosinas;2.496,09;1.611,30;51
21458;Producto de prueba 1458;7790000010206;Snacks;2.497,46;1.612,20;54
21459;Producto de prueba 1459;7790000010213;Congelados;2.498,83;1.613,10;57
21460;Producto de prueba 1460;7790000010220;Infusiones;2.500,20;;0
21461;Producto de prueba 1461;7790000010227;Aceites;2.501,57;1.614,90;3
21462;Producto de prueba 1462;7790000010234;Conservas;2.502,94;1.615,80;6
21463;Producto de prueba 1463;7790000010241;Galletitas;2.504,31;1.616,70;9
21464;Producto de prueba 1464;7790000010248;Bebidas;2.505,68;1.617,60;12
21465;Producto de prueba 1465;7790000010255;Almacen;2.507,05;;15
21466;Producto de prueba 1466;7790000010262;Lácteos;2.508,42;1.619,40;18
21467;Producto de prueba 1467;7790000010269;Limpieza;2.509,79;1.620,30;21
21468;Producto de prueba 1468;7790000010276;Perfumería;2.511,16;1.621,20;24
21469;Producto de prueba 1469;7790000010283;Golosinas;2.512,53;1.622,10;27
21470;Producto de prueba 1470;7790000010290;Snacks;2.513,90;;30
21471;Producto de prueba 1471;7790000010297;Congelados;2.515,27;1.623,90;33
21472;Producto de prueba 1472;7790000010304;Infusiones;2.516,64;1.624,80;36
21473;Producto de prueba 1473;7790000010311;Aceites;2.518,01;1.625,70;39
21474;Producto de prueba 1474;7790000010318;Conservas;2.519,38;1.626,60;42
21475;Producto de prueba 1475;7790000010325;Galletitas;2.520,75;;45
21476;Producto de prueba 1476;7790000010332;Bebidas;2.522,12;1.628,40;48
21477;Producto de prueba 1477;7790000010339;Almacen;2.523,49;1.629,30;51
21478;Producto de prueba 1478;7790000010346;Lácteos;2.524,86;1.630,20;54
21479;Producto de prueba 1479;7790000010353;Limpieza;2.526,23;1.631,10;57
21480;Producto de prueba 1480;7790000010360;Perfumería;2.527,60;;0
21481;Producto de prueba 1481;7790000010367;Golosinas;2.528,97;1.632,90;3
21482;Producto de prueba 1482;7790000010374;Snacks;2.530,34;1.633,80;6
21483;Producto de prueba 1483;7790000010381;Congelados;2.531,71;1.634,70;9
21484;Producto de prueba 1484;7790000010388;Infusiones;2.533,08;1.635,60;12
21485;Producto de prueba 1485;7790000010395;Aceites;2.534,45;;15
21486;Producto de prueba 1486;7790000010402;Conservas;2.535,82;1.637,40;18
21487;Producto de prueba 1487;7790000010409;Galletitas;2.537,19;1.638,30;21
21488;Producto de prueba 1488;7790000010416;Bebidas;2.538,56;1.639,20;24
21489;Producto de prueba 1489;7790000010423;Almacen;2.539,93;1.640,10;27
21490;Producto de prueba 1490;7790000010430;Lácteos;2.541,30;;30
21491;Producto de prueba 1491;7790000010437;Limpieza;2.542,67;1.641,90;33
21492;Producto de prueba 1492;7790000010444;Perfumería;2.544,04;1.642,80;36
21493;Producto de prueba 1493;7790000010451;Golosinas;2.545,41;1.643,70;39
21494;Producto de prueba 1494;7790000010458;Snacks;2.546,78;1.644,60;42
21495;Producto de prueba 1495;7790000010465;Congelados;2.548,15;;45
21496;Producto de prueba 1496;7790000010472;Infusiones;2.549,52;1.646,40;48
21497;Producto de prueba 1497;7790000010479;Aceites;2.550,89;1.647,30;51
21498;Producto de prueba 1498;7790000010486;Conservas;2.552,26;1.648,20;54
21499;Producto de prueba 1499;7790000010493;Galletitas;2.553,63;1.649,10;57
21500;Producto de prueba 1500;7790000010500;Bebidas;;;0
